company_code,company_shortName,fund_type,fund_scale,fund_scale_mean,fund_scale_rank,fund_amount,fund_amount_mean,fund_amount_rank,fund_manager_amount,fund_manager_amount_mean,fund_manager_amount_rank
80365985,北信,股票型,1.54,165.01,97/115,2,17.48,91/115,3,5.72,53/115
80000236,宝盈,股票型,53.48,165.01,43/115,14,17.48,37/115,6,5.72,26/115
80050229,上投,混合型,443.98,360.46,31/158,45,34.22,42/158,22,11.59,21/158
80365985,北信,混合型,17.07,360.46,112/158,12,34.22,94/158,7,11.59,80/158
80000236,宝盈,混合型,250.09,360.46,45/158,45,34.22,42/158,13,11.59,52/158
80036782,招商,混合型,936.54,360.46,18/158,110,34.22,10/158,33,11.59,11/158
80036782,招商,股票型,"1,003.69",165.01,5/115,69,17.48,8/115,16,5.72,12/115
80560407,朱雀,混合型,189.12,360.46,53/158,6,34.22,120/158,5,11.59,97/158
80560407,朱雀,股票型,82.50,165.01,36/115,4,17.48,77/115,2,5.72,76/115
80016241,中金公司,混合型,22.51,360.46,107/158,6,34.22,120/158,2,11.59,129/158
80016241,中金公司,股票型,15.65,165.01,64/115,4,17.48,77/115,2,5.72,76/115
80431710,招商证券资管,混合型,5.25,360.46,133/158,2,34.22,145/158,1,11.59,148/158
80431710,招商证券资管,,-,-,-/-,-,-,-/-,-,-,-/-
80560391,中庚,混合型,72.15,360.46,77/158,3,34.22,142/158,2,11.59,129/158
80560391,中庚,股票型,21.97,165.01,57/115,1,17.48,106/115,1,5.72,92/115
80403111,浙商资管,混合型,11.57,360.46,117/158,6,34.22,120/158,3,11.59,113/158
80403111,浙商资管,股票型,1.47,165.01,98/115,4,17.48,77/115,5,5.72,35/115
80508391,中航,混合型,4.20,360.46,135/158,6,34.22,120/158,1,11.59,148/158
80508391,中航,,-,-,-/-,-,-,-/-,-,-,-/-
10000018,中信证券,混合型,495.21,360.46,26/158,18,34.22,86/158,6,11.59,86/158
10000018,中信证券,股票型,9.05,165.01,77/115,2,17.48,91/115,1,5.72,92/115
80455765,中科沃土,混合型,11.56,360.46,118/158,7,34.22,116/158,6,11.59,86/158
80455765,中科沃土,,-,-,-/-,-,-,-/-,-,-,-/-
80381452,中泰资管,混合型,22.37,360.46,108/158,8,34.22,109/158,2,11.59,129/158
80381452,中泰资管,股票型,3.71,165.01,87/115,4,17.48,77/115,1,5.72,92/115
80365986,中金,混合型,44.15,360.46,88/158,20,34.22,82/158,4,11.59,104/158
80365986,中金,股票型,24.58,165.01,53/115,20,17.48,26/115,6,5.72,26/115
80000200,中银国际,混合型,30.33,360.46,100/158,19,34.22,83/158,8,11.59,74/158
80000200,中银国际,股票型,20.65,165.01,60/115,8,17.48,56/115,4,5.72,42/115
80355113,中信建投,股票型,1.33,165.01,100/115,2,17.48,91/115,1,5.72,92/115
80355113,中信建投,混合型,35.30,360.46,93/158,26,34.22,69/158,9,11.59,72/158
80048752,中银,股票型,57.24,165.01,40/115,16,17.48,31/115,6,5.72,26/115
80048752,中银,混合型,625.24,360.46,21/158,92,34.22,14/158,20,11.59,30/158
80351345,中加,混合型,60.74,360.46,78/158,30,34.22,61/158,12,11.59,56/158
80351345,中加,股票型,0.55,165.01,108/115,2,17.48,91/115,1,5.72,92/115
80075936,中邮,混合型,228.33,360.46,48/158,38,34.22,52/158,17,11.59,37/158
80075936,中邮,股票型,0.79,165.01,103/115,4,17.48,77/115,3,5.72,53/115
80341238,中融,混合型,86.13,360.46,72/158,47,34.22,39/158,21,11.59,25/158
80066470,中信保诚,混合型,362.79,360.46,35/158,47,34.22,39/158,15,11.59,44/158
80066470,中信保诚,股票型,43.53,165.01,44/115,11,17.48,44/115,3,5.72,53/115
80341238,中融,股票型,6.61,165.01,80/115,12,17.48,40/115,3,5.72,53/115
80156777,浙商,股票型,10.53,165.01,74/115,11,17.48,44/115,4,5.72,42/115
80156777,浙商,混合型,91.16,360.46,71/158,24,34.22,73/158,6,11.59,86/158
80065113,中欧,混合型,"2,501.40",360.46,5/158,124,34.22,8/158,27,11.59,14/158
80065113,中欧,股票型,367.40,165.01,16/115,12,17.48,40/115,6,5.72,26/115
80066058,中信建投证券,混合型,39.75,360.46,91/158,2,34.22,145/158,1,11.59,148/158
80066058,中信建投证券,,-,-,-/-,-,-,-/-,-,-,-/-
80046614,中海,混合型,81.88,360.46,73/158,22,34.22,80/158,11,11.59,64/158
80046614,中海,股票型,13.33,165.01,67/115,2,17.48,91/115,2,5.72,76/115
80000237,银河,混合型,341.05,360.46,36/158,62,34.22,25/158,18,11.59,36/158
80000237,银河,股票型,31.11,165.01,49/115,8,17.48,56/115,5,5.72,35/115
80356155,永赢,混合型,220.50,360.46,51/158,26,34.22,69/158,10,11.59,69/158
80356155,永赢,股票型,15.93,165.01,63/115,9,17.48,52/115,3,5.72,53/115
80046522,益民,混合型,15.08,360.46,113/158,6,34.22,120/158,3,11.59,113/158
80046522,益民,,-,-,-/-,-,-,-/-,-,-,-/-
80280036,圆信永丰,股票型,57.24,165.01,40/115,3,17.48,88/115,1,5.72,92/115
80000229,易方达,混合型,"4,424.38",360.46,1/158,149,34.22,4/158,42,11.59,6/158
80000229,易方达,股票型,"1,985.89",165.01,2/115,81,17.48,5/115,21,5.72,4/115
80175498,英大,混合型,4.36,360.46,134/158,9,34.22,105/158,4,11.59,104/158
80175498,英大,股票型,0.67,165.01,107/115,1,17.48,106/115,1,5.72,92/115
80280036,圆信永丰,混合型,103.61,360.46,69/158,24,34.22,73/158,9,11.59,72/158
80000235,银华,混合型,"1,177.60",360.46,16/158,81,34.22,18/158,37,11.59,7/158
80000235,银华,股票型,250.99,165.01,19/115,42,17.48,17/115,14,5.72,14/115
80368700,兴银,混合型,20.95,360.46,109/158,17,34.22,87/158,8,11.59,74/158
80368700,兴银,股票型,4.49,165.01,84/115,4,17.48,77/115,3,5.72,53/115
80374411,兴证资管,,-,-,-/-,-,-,-/-,-,-,-/-
80374411,兴证资管,混合型,18.62,360.46,110/158,2,34.22,145/158,1,11.59,148/158
80280397,湘财,混合型,12.04,360.46,116/158,10,34.22,103/158,4,11.59,104/158
80280397,湘财,股票型,1.69,165.01,96/115,2,17.48,91/115,2,5.72,76/115
80092742,信达证券,混合型,0.50,360.46,150/158,2,34.22,145/158,2,11.59,129/158
80092742,信达证券,,-,-,-/-,-,-,-/-,-,-,-/-
80280395,兴业,股票型,6.68,165.01,79/115,6,17.48,65/115,2,5.72,76/115
80280395,兴业,混合型,121.49,360.46,67/158,33,34.22,58/158,14,11.59,49/158
80452130,新沃,混合型,2.49,360.46,140/158,3,34.22,142/158,1,11.59,148/158
80452130,新沃,,-,-,-/-,-,-,-/-,-,-,-/-
81102343,兴华,混合型,0.42,360.46,151/158,4,34.22,136/158,2,11.59,129/158
81102343,兴华,,-,-,-/-,-,-,-/-,-,-,-/-
80501166,先锋,混合型,0.39,360.46,152/158,10,34.22,103/158,2,11.59,129/158
80501166,先锋,,-,-,-/-,-,-,-/-,-,-,-/-
80000249,新华,股票型,13.09,165.01,68/115,7,17.48,60/115,3,5.72,53/115
80000249,新华,混合型,124.29,360.46,65/158,34,34.22,57/158,13,11.59,52/158
80074234,信达澳银,混合型,168.14,360.46,56/158,28,34.22,65/158,11,11.59,64/158
80074234,信达澳银,股票型,116.18,165.01,27/115,5,17.48,73/115,5,5.72,35/115
80036742,兴证全球,混合型,"2,338.71",360.46,7/158,32,34.22,59/158,19,11.59,34/158
80036742,兴证全球,股票型,102.34,165.01,30/115,5,17.48,73/115,2,5.72,76/115
80147736,西部利得,股票型,28.53,165.01,50/115,11,17.48,44/115,5,5.72,35/115
80147736,西部利得,混合型,55.78,360.46,82/158,32,34.22,59/158,13,11.59,52/158
80351991,鑫元,混合型,8.94,360.46,121/158,11,34.22,101/158,6,11.59,86/158
80351991,鑫元,股票型,0.19,165.01,114/115,2,17.48,91/115,2,5.72,76/115
80000240,万家,混合型,621.78,360.46,22/158,77,34.22,21/158,20,11.59,30/158
80000240,万家,股票型,42.54,165.01,46/115,12,17.48,40/115,3,5.72,53/115
80000247,泰信,混合型,34.06,360.46,97/158,19,34.22,83/158,12,11.59,56/158
80000247,泰信,股票型,0.93,165.01,102/115,2,17.48,91/115,1,5.72,92/115
80560408,同泰,混合型,8.60,360.46,124/158,16,34.22,90/158,6,11.59,86/158
80560408,同泰,,-,-,-/-,-,-,-/-,-,-,-/-
80000252,天治,混合型,14.52,360.46,114/158,11,34.22,101/158,6,11.59,86/158
80000252,天治,,-,-,-/-,-,-,-/-,-,-,-/-
80000124,天风证券,,-,-,-/-,-,-,-/-,-,-,-/-
80000124,天风证券,,-,-,-/-,-,-,-/-,-,-,-/-
80050806,太平洋,,-,-,-/-,-,-,-/-,-,-,-/-
80050806,太平洋,,-,-,-/-,-,-,-/-,-,-,-/-
81102050,天风资管,,-,-,-/-,-,-,-/-,-,-,-/-
81102050,天风资管,,-,-,-/-,-,-,-/-,-,-,-/-
80061674,泰康资产,混合型,394.32,360.46,34/158,43,34.22,46/158,12,11.59,56/158
80061674,泰康资产,股票型,64.04,165.01,39/115,15,17.48,34/115,3,5.72,53/115
80000238,泰达宏利,股票型,22.45,165.01,56/115,14,17.48,37/115,4,5.72,42/115
80000238,泰达宏利,混合型,142.63,360.46,60/158,49,34.22,34/158,12,11.59,56/158
80041198,天弘,混合型,174.40,360.46,55/158,45,34.22,42/158,23,11.59,17/158
80041198,天弘,股票型,481.59,165.01,13/115,64,17.48,10/115,9,5.72,24/115
80294346,太平,股票型,10.20,165.01,76/115,7,17.48,60/115,3,5.72,53/115
80294346,太平,混合型,34.58,360.46,95/158,6,34.22,120/158,5,11.59,97/158
80000080,山西证券,股票型,0.45,165.01,111/115,1,17.48,106/115,2,5.72,76/115
80000080,山西证券,混合型,1.82,360.46,143/158,5,34.22,132/158,4,11.59,104/158
80184574,上海海通证券资产管理,混合型,32.64,360.46,99/158,6,34.22,120/158,3,11.59,113/158
80184574,上海海通证券资产管理,,-,-,-/-,-,-,-/-,-,-,-/-
80192219,上海光大证券,,-,-,-/-,-,-,-/-,-,-,-/-
80192219,上海光大证券,混合型,54.82,360.46,83/158,22,34.22,80/158,7,11.59,80/158
80366080,上银,混合型,27.01,360.46,103/158,12,34.22,94/158,6,11.59,86/158
80366080,上银,股票型,3.12,165.01,88/115,3,17.48,88/115,3,5.72,53/115
80050229,上投,股票型,217.96,165.01,20/115,22,17.48,25/115,12,5.72,16/115
80045188,申万,混合型,166.02,360.46,57/158,29,34.22,64/158,16,11.59,43/158
80045188,申万,股票型,105.41,165.01,28/115,30,17.48,20/115,11,5.72,19/115
80000231,融通,股票型,104.61,165.01,29/115,16,17.48,31/115,4,5.72,42/115
80000231,融通,混合型,339.66,360.46,37/158,48,34.22,38/158,21,11.59,25/158
80672691,睿远,,-,-,-/-,-,-,-/-,-,-,-/-
80672691,睿远,混合型,465.88,360.46,28/158,4,34.22,136/158,3,11.59,113/158
81046799,瑞达,,-,-,-/-,-,-,-/-,-,-,-/-
81046799,瑞达,混合型,-,360.46,158/158,2,34.22,145/158,-,11.59,158/158
80061431,人保资产,混合型,7.64,360.46,127/158,15,34.22,91/158,8,11.59,74/158
80061431,人保资产,股票型,2.18,165.01,92/115,2,17.48,91/115,2,5.72,76/115
80280038,前海开源,混合型,739.83,360.46,20/158,86,34.22,17/158,25,11.59,15/158
80280038,前海开源,股票型,87.28,165.01,35/115,27,17.48,23/115,11,5.72,19/115
80468996,前海联合,混合型,41.40,360.46,90/158,26,34.22,69/158,10,11.59,69/158
80468996,前海联合,股票型,0.18,165.01,115/115,2,17.48,91/115,1,5.72,92/115
80091787,浦银,股票型,14.95,165.01,65/115,10,17.48,50/115,2,5.72,76/115
80091787,浦银,混合型,131.94,360.46,63/158,44,34.22,45/158,15,11.59,44/158
80168726,平安,混合型,327.36,360.46,38/158,76,34.22,22/158,20,11.59,30/158
80168726,平安,股票型,100.90,165.01,31/115,27,17.48,23/115,4,5.72,42/115
80522693,鹏扬,混合型,323.44,360.46,39/158,38,34.22,52/158,11,11.59,64/158
80522693,鹏扬,股票型,2.87,165.01,90/115,6,17.48,65/115,1,5.72,92/115
80000230,鹏华,混合型,"1,646.95",360.46,13/158,146,34.22,5/158,35,11.59,8/158
80000230,鹏华,股票型,411.33,165.01,15/115,61,17.48,12/115,19,5.72,7/115
80092233,农银,混合型,493.07,360.46,27/158,35,34.22,56/158,15,11.59,44/158
80092233,农银,股票型,97.46,165.01,34/115,6,17.48,65/115,4,5.72,42/115
80000220,南方,混合型,"2,361.03",360.46,6/158,162,34.22,3/158,43,11.59,5/158
80000220,南方,股票型,958.71,165.01,6/115,87,17.48,4/115,22,5.72,3/115
80555446,南华,混合型,2.54,360.46,139/158,4,34.22,136/158,2,11.59,129/158
80555446,南华,股票型,0.74,165.01,104/115,3,17.48,88/115,1,5.72,92/115
80049689,诺安,混合型,450.56,360.46,30/158,38,34.22,52/158,19,11.59,34/158
80049689,诺安,股票型,43.05,165.01,45/115,15,17.48,34/115,8,5.72,25/115
80068180,诺德,股票型,6.08,165.01,82/115,1,17.48,106/115,1,5.72,92/115
80068180,诺德,混合型,130.38,360.46,64/158,28,34.22,65/158,12,11.59,56/158
80106677,民生,混合型,587.98,360.46,24/158,56,34.22,28/158,15,11.59,44/158
80106677,民生,股票型,100.04,165.01,32/115,15,17.48,34/115,6,5.72,26/115
80664536,明亚,,-,-,-/-,-,-,-/-,-,-,-/-
80664536,明亚,混合型,0.67,360.46,147/158,2,34.22,145/158,2,11.59,129/158
80036797,摩根士丹利,混合型,73.88,360.46,75/158,19,34.22,83/158,10,11.59,69/158
80036797,摩根士丹利,股票型,39.67,165.01,48/115,6,17.48,65/115,5,5.72,35/115
80560381,凯石,混合型,7.93,360.46,125/158,6,34.22,120/158,3,11.59,113/158
80560381,凯石,,-,-,-/-,-,-,-/-,-,-,-/-
80086876,金元顺安,混合型,8.88,360.46,122/158,9,34.22,105/158,6,11.59,86/158
80086876,金元顺安,,-,-,-/-,-,-,-/-,-,-,-/-
80000245,金鹰,股票型,21.73,165.01,59/115,6,17.48,65/115,4,5.72,42/115
80000245,金鹰,混合型,226.97,360.46,49/158,43,34.22,46/158,12,11.59,56/158
80384640,九泰,混合型,77.94,360.46,74/158,40,34.22,50/158,12,11.59,56/158
80384640,九泰,股票型,16.10,165.01,62/115,9,17.48,52/115,2,5.72,76/115
80446423,金信,混合型,23.01,360.46,106/158,12,34.22,94/158,4,11.59,104/158
80446423,金信,股票型,1.99,165.01,93/115,2,17.48,91/115,1,5.72,92/115
80205264,江信,混合型,0.56,360.46,149/158,4,34.22,136/158,3,11.59,113/158
80205264,江信,,-,-,-/-,-,-,-/-,-,-,-/-
80365987,嘉合,股票型,1.71,165.01,94/115,2,17.48,91/115,2,5.72,76/115
80000251,景顺长城,混合型,"1,968.46",360.46,9/158,81,34.22,18/158,22,11.59,21/158
80000251,景顺长城,股票型,294.25,165.01,18/115,29,17.48,22/115,12,5.72,16/115
80365987,嘉合,混合型,13.17,360.46,115/158,17,34.22,87/158,7,11.59,80/158
80065990,建信,混合型,219.88,360.46,52/158,54,34.22,32/158,22,11.59,21/158
80065990,建信,股票型,169.73,165.01,23/115,53,17.48,13/115,19,5.72,7/115
80064562,交银,股票型,70.77,165.01,38/115,10,17.48,50/115,3,5.72,53/115
80064562,交银,混合型,"1,926.67",360.46,10/158,62,34.22,25/158,22,11.59,21/158
80000223,嘉实,混合型,"2,089.70",360.46,8/158,103,34.22,11/158,35,11.59,8/158
80000223,嘉实,股票型,952.67,165.01,7/115,90,17.48,3/115,34,5.72,1/115
80975669,华融,混合型,0.26,360.46,153/158,2,34.22,145/158,2,11.59,129/158
80975669,华融,,-,-,-/-,-,-,-/-,-,-,-/-
80924817,惠升,混合型,45.47,360.46,86/158,9,34.22,105/158,2,11.59,129/158
80924817,惠升,,-,-,-/-,-,-,-/-,-,-,-/-
80560396,合煦智远,混合型,1.22,360.46,144/158,2,34.22,145/158,1,11.59,148/158
80560396,合煦智远,股票型,1.20,165.01,101/115,4,17.48,77/115,1,5.72,92/115
80560380,恒越,混合型,58.05,360.46,80/158,9,34.22,105/158,2,11.59,129/158
80560380,恒越,,-,-,-/-,-,-,-/-,-,-,-/-
80508384,恒生前海,股票型,1.47,165.01,98/115,5,17.48,73/115,1,5.72,92/115
80560379,弘毅远方,混合型,9.60,360.46,120/158,7,34.22,116/158,3,11.59,113/158
80508384,恒生前海,混合型,5.99,360.46,132/158,5,34.22,132/158,3,11.59,113/158
80560379,弘毅远方,股票型,7.65,165.01,78/115,2,17.48,91/115,1,5.72,92/115
80498278,汇安,股票型,10.37,165.01,75/115,8,17.48,56/115,3,5.72,53/115
80498278,汇安,混合型,117.48,360.46,68/158,47,34.22,39/158,12,11.59,56/158
80523667,华泰保兴,混合型,44.70,360.46,87/158,15,34.22,91/158,5,11.59,97/158
80523667,华泰保兴,股票型,3.09,165.01,89/115,1,17.48,106/115,1,5.72,92/115
80092743,华融证券,,-,-,-/-,-,-,-/-,-,-,-/-
80092743,华融证券,,-,-,-/-,-,-,-/-,-,-,-/-
80385906,红土创新,混合型,10.93,360.46,119/158,7,34.22,116/158,5,11.59,97/158
80385906,红土创新,股票型,4.13,165.01,85/115,6,17.48,65/115,4,5.72,42/115
80053204,华商,混合型,307.83,360.46,40/158,43,34.22,46/158,14,11.59,49/158
80053204,华商,股票型,13.04,165.01,70/115,7,17.48,60/115,6,5.72,26/115
80000250,华宝,混合型,286.16,360.46,43/158,49,34.22,34/158,23,11.59,17/158
80000250,华宝,股票型,554.07,165.01,12/115,45,17.48,16/115,14,5.72,14/115
80000228,华安,混合型,"1,467.42",360.46,15/158,102,34.22,12/158,31,11.59,12/158
80000228,华安,股票型,460.62,165.01,14/115,34,17.48,18/115,10,5.72,22/115
80205263,红塔红土,混合型,17.30,360.46,111/158,17,34.22,87/158,2,11.59,129/158
80205263,红塔红土,,-,-,-/-,-,-,-/-,-,-,-/-
80424273,泓德,混合型,924.44,360.46,19/158,27,34.22,68/158,7,11.59,80/158
80424273,泓德,股票型,42.50,165.01,47/115,1,17.48,106/115,1,5.72,92/115
80053708,汇添富,混合型,"3,570.97",360.46,2/158,115,34.22,9/158,31,11.59,12/158
80053708,汇添富,股票型,760.74,165.01,10/115,68,17.48,9/115,20,5.72,6/115
80067635,汇丰晋信,混合型,56.65,360.46,81/158,12,34.22,94/158,7,11.59,80/158
80067635,汇丰晋信,股票型,167.71,165.01,24/115,18,17.48,28/115,11,5.72,19/115
80000064,华安证券,混合型,7.69,360.46,126/158,3,34.22,142/158,2,11.59,129/158
80000064,华安证券,,-,-,-/-,-,-,-/-,-,-,-/-
80000222,华夏,混合型,"1,809.85",360.46,11/158,129,34.22,7/158,47,11.59,2/158
80000222,华夏,股票型,"2,041.34",165.01,1/115,95,17.48,1/115,21,5.72,4/115
80391977,华泰证券(上海),混合型,24.40,360.46,105/158,8,34.22,109/158,4,11.59,104/158
80391977,华泰证券(上海),股票型,2.42,165.01,91/115,1,17.48,106/115,1,5.72,92/115
80037023,华富,混合型,38.98,360.46,92/158,24,34.22,73/158,8,11.59,74/158
80037023,华富,股票型,13.05,165.01,69/115,7,17.48,60/115,3,5.72,53/115
80055334,华泰柏瑞,混合型,423.90,360.46,32/158,78,34.22,20/158,17,11.59,37/158
80055334,华泰柏瑞,股票型,825.65,165.01,8/115,30,17.48,20/115,6,5.72,26/115
80201857,华宸未来,混合型,0.25,360.46,154/158,1,34.22,157/158,1,11.59,148/158
80201857,华宸未来,,-,-,-/-,-,-,-/-,-,-,-/-
80000246,海富通,混合型,455.47,360.46,29/158,56,34.22,28/158,17,11.59,37/158
80000246,海富通,股票型,14.13,165.01,66/115,20,17.48,26/115,6,5.72,26/115
80199117,华润,混合型,8.84,360.46,123/158,13,34.22,93/158,6,11.59,86/158
80199117,华润,股票型,3.81,165.01,86/115,4,17.48,77/115,3,5.72,53/115
80048088,光大保德信,混合型,163.72,360.46,58/158,43,34.22,46/158,14,11.59,49/158
80048088,光大保德信,股票型,73.96,165.01,37/115,6,17.48,65/115,5,5.72,35/115
80355783,国寿安保,混合型,243.04,360.46,47/158,51,34.22,33/158,17,11.59,37/158
80355783,国寿安保,股票型,99.24,165.01,33/115,13,17.48,39/115,5,5.72,35/115
80156175,国泰君安资管,,-,-,-/-,-,-,-/-,-,-,-/-
80156175,国泰君安资管,混合型,225.86,360.46,50/158,6,34.22,120/158,5,11.59,97/158
80056613,高华证券,,-,-,-/-,-,-,-/-,-,-,-/-
80056613,高华证券,,-,-,-/-,-,-,-/-,-,-,-/-
80548351,格林,混合型,6.19,360.46,131/158,8,34.22,109/158,1,11.59,148/158
80548351,格林,,-,-,-/-,-,-,-/-,-,-,-/-
80560389,国融,,-,-,-/-,-,-,-/-,-,-,-/-
80560389,国融,混合型,1.17,360.46,145/158,12,34.22,94/158,3,11.59,113/158
80000233,国投瑞银,混合型,288.52,360.46,42/158,49,34.22,34/158,21,11.59,25/158
80000233,国投瑞银,股票型,25.29,165.01,51/115,11,17.48,44/115,4,5.72,42/115
80280039,国开泰富,混合型,0.22,360.46,155/158,2,34.22,145/158,2,11.59,129/158
80280039,国开泰富,,-,-,-/-,-,-,-/-,-,-,-/-
80043374,国联安,混合型,133.39,360.46,62/158,39,34.22,51/158,17,11.59,37/158
80043374,国联安,股票型,143.27,165.01,25/115,16,17.48,31/115,4,5.72,42/115
80102419,国金,混合型,27.88,360.46,101/158,12,34.22,94/158,4,11.59,104/158
80102419,国金,股票型,0.52,165.01,109/115,4,17.48,77/115,2,5.72,76/115
80000095,国都,,-,-,-/-,-,-,-/-,-,-,-/-
80000095,国都,混合型,3.18,360.46,137/158,4,34.22,136/158,3,11.59,113/158
80044515,国海,混合型,244.33,360.46,46/158,25,34.22,72/158,11,11.59,64/158
80044515,国海,股票型,174.20,165.01,22/115,5,17.48,73/115,4,5.72,42/115
80000248,广发,混合型,"3,178.95",360.46,3/158,177,34.22,2/158,47,11.59,2/158
80000248,广发,股票型,"1,182.90",165.01,3/115,95,17.48,1/115,19,5.72,7/115
80357951,广发资产管理,混合型,27.76,360.46,102/158,5,34.22,132/158,3,11.59,113/158
80357951,广发资产管理,,-,-,-/-,-,-,-/-,-,-,-/-
80000224,国泰,混合型,589.33,360.46,23/158,88,34.22,15/158,23,11.59,17/158
80000224,国泰,股票型,"1,150.19",165.01,4/115,71,17.48,6/115,16,5.72,12/115
80064225,工银,混合型,"1,011.67",360.46,17/158,101,34.22,13/158,34,11.59,10/158
80064225,工银,股票型,732.03,165.01,11/115,70,17.48,7/115,25,5.72,2/115
80174741,方正富邦,混合型,34.80,360.46,94/158,24,34.22,73/158,6,11.59,86/158
80174741,方正富邦,股票型,24.72,165.01,52/115,12,17.48,40/115,3,5.72,53/115
80128562,富安达,混合型,25.60,360.46,104/158,12,34.22,94/158,5,11.59,97/158
80128562,富安达,股票型,0.38,165.01,112/115,1,17.48,106/115,1,5.72,92/115
80488954,富荣,混合型,4.02,360.46,136/158,8,34.22,109/158,3,11.59,113/158
80488954,富荣,股票型,12.51,165.01,71/115,4,17.48,77/115,3,5.72,53/115
80560383,蜂巢,混合型,0.16,360.46,156/158,2,34.22,145/158,2,11.59,129/158
80560383,蜂巢,,-,-,-/-,-,-,-/-,-,-,-/-
80000221,富国,混合型,"2,686.78",360.46,4/158,134,34.22,6/158,46,11.59,4/158
80000221,富国,股票型,824.69,165.01,9/115,63,17.48,11/115,17,5.72,10/115
80000068,方正证券,混合型,34.52,360.46,96/158,2,34.22,145/158,3,11.59,113/158
80000068,方正证券,,-,-,-/-,-,-,-/-,-,-,-/-
80175511,德邦,混合型,42.58,360.46,89/158,30,34.22,61/158,11,11.59,64/158
80175511,德邦,股票型,0.71,165.01,106/115,4,17.48,77/115,2,5.72,76/115
80560388,东方阿尔法,,-,-,-/-,-,-,-/-,-,-,-/-
80560388,东方阿尔法,混合型,46.73,360.46,85/158,8,34.22,109/158,2,11.59,129/158
80560384,东财,混合型,6.26,360.46,130/158,6,34.22,120/158,1,11.59,148/158
80560384,东财,股票型,20.26,165.01,61/115,18,17.48,28/115,3,5.72,53/115
80701749,达诚,混合型,7.10,360.46,128/158,8,34.22,109/158,2,11.59,129/158
80701749,达诚,,-,-,-/-,-,-,-/-,-,-,-/-
80114781,东兴,股票型,0.73,165.01,105/115,2,17.48,91/115,1,5.72,92/115
80114781,东兴,混合型,2.22,360.46,142/158,7,34.22,116/158,4,11.59,104/158
80145102,上海东方,混合型,"1,694.58",360.46,12/158,73,34.22,23/158,25,11.59,15/158
80145102,上海东方,股票型,10.70,165.01,72/115,2,17.48,91/115,2,5.72,76/115
80703549,东兴,混合型,0.01,360.46,157/158,2,34.22,145/158,1,11.59,148/158
80703549,东兴,,-,-,-/-,-,-,-/-,-,-,-/-
80048161,东吴,混合型,51.57,360.46,84/158,24,34.22,73/158,8,11.59,74/158
80048161,东吴,股票型,4.52,165.01,83/115,7,17.48,60/115,3,5.72,53/115
80000225,大成,混合型,564.18,360.46,25/158,87,34.22,16/158,23,11.59,17/158
80000225,大成,股票型,119.24,165.01,26/115,31,17.48,19/115,10,5.72,22/115
80042861,东方,混合型,175.74,360.46,54/158,49,34.22,34/158,13,11.59,52/158
80042861,东方,,-,-,-/-,-,-,-/-,-,-,-/-
80205268,东海,混合型,0.65,360.46,148/158,5,34.22,132/158,3,11.59,113/158
80205268,东海,股票型,0.26,165.01,113/115,1,17.48,106/115,1,5.72,92/115
80404701,财通资管,,-,-,-/-,-,-,-/-,-,-,-/-
80380794,创金合信,混合型,73.50,360.46,76/158,36,34.22,55/158,15,11.59,44/158
80380794,创金合信,股票型,184.27,165.01,21/115,50,17.48,15/115,17,5.72,10/115
80404701,财通资管,混合型,103.60,360.46,70/158,24,34.22,73/158,8,11.59,74/158
80000243,长信,混合型,262.93,360.46,44/158,62,34.22,25/158,20,11.59,30/158
80000243,长信,股票型,10.70,165.01,72/115,9,17.48,52/115,3,5.72,53/115
80965167,淳厚,混合型,33.87,360.46,98/158,8,34.22,109/158,4,11.59,104/158
80965167,淳厚,,-,-,-/-,-,-,-/-,-,-,-/-
80161341,财通,混合型,123.49,360.46,66/158,30,34.22,61/158,7,11.59,80/158
80161341,财通,股票型,6.31,165.01,81/115,8,17.48,56/115,3,5.72,53/115
80404004,长江资管,混合型,6.67,360.46,129/158,6,34.22,120/158,3,11.59,113/158
80404004,长江资管,股票型,1.70,165.01,95/115,6,17.48,65/115,2,5.72,76/115
80139382,长安,混合型,59.86,360.46,79/158,28,34.22,65/158,5,11.59,97/158
80139382,长安,股票型,0.48,165.01,110/115,1,17.48,106/115,1,5.72,92/115
80000239,长城,混合型,409.07,360.46,33/158,56,34.22,28/158,21,11.59,25/158
80000239,长城,股票型,22.50,165.01,55/115,11,17.48,44/115,3,5.72,53/115
80000227,长盛,股票型,21.84,165.01,58/115,11,17.48,44/115,3,5.72,53/115
80000227,长盛,混合型,155.60,360.46,59/158,55,34.22,31/158,17,11.59,37/158
80560400,博远,,-,-,-/-,-,-,-/-,-,-,-/-
80560400,博远,混合型,2.67,360.46,138/158,6,34.22,120/158,3,11.59,113/158
80560392,博道,混合型,139.48,360.46,61/158,23,34.22,79/158,6,11.59,86/158
80560392,博道,股票型,23.66,165.01,54/115,9,17.48,52/115,1,5.72,92/115
80538609,渤海汇金,混合型,2.36,360.46,141/158,4,34.22,136/158,2,11.59,129/158
80538609,渤海汇金,,-,-,-/-,-,-,-/-,-,-,-/-
80000226,博时,混合型,"1,485.06",360.46,14/158,181,34.22,1/158,51,11.59,1/158
80000226,博时,股票型,319.52,165.01,17/115,51,17.48,14/115,12,5.72,16/115
80163340,安信,股票型,55.94,165.01,42/115,17,17.48,30/115,6,5.72,26/115
80163340,安信,混合型,293.60,360.46,41/158,64,34.22,24/158,21,11.59,25/158
80084302,安信证券,,-,-,-/-,-,-,-/-,-,-,-/-
80084302,安信证券,,-,-,-/-,-,-,-/-,-,-,-/-
