company_code,company_shortName,stock_code,stock_name,havein_mycomanpy_fund,hold_in_value_percent,stock_amount,stock_value
80365985,北信,	603678,火炬电子,4,1.90%,228.85,"13,160.96"
80365985,北信,	002651,利君股份,2,1.81%,"1,239.90","12,584.99"
80365985,北信,	600893,航发动力,2,1.47%,224.00,"10,212.16"
80365985,北信,	600765,中航重机,2,1.14%,448.00,"7,880.32"
80365985,北信,	002949,华阳国际,2,1.07%,360.00,"7,452.00"
80365985,北信,	300696,爱乐达,2,1.00%,158.00,"6,934.40"
80365985,北信,	002027,分众传媒,1,0.67%,500.00,"4,640.00"
80365985,北信,	688002,睿创微纳,1,0.64%,50.00,"4,435.00"
80365985,北信,	605123,派克新材,2,0.64%,70.00,"4,429.60"
80365985,北信,	002139,拓邦股份,2,0.63%,394.90,"4,363.65"
80560407,朱雀,	002311,海大集团,11,5.71%,"1,487.79","116,047.27"
80560407,朱雀,	601012,隆基股份,10,5.56%,"1,283.81","112,975.27"
80560407,朱雀,	00700,腾讯控股,11,5.42%,213.94,"110,298.86"
80560407,朱雀,	600036,招商银行,11,4.84%,"1,925.75","98,405.73"
80560407,朱雀,	002352,顺丰控股,11,4.67%,"1,171.29","94,898.09"
80560407,朱雀,	300433,蓝思科技,11,4.34%,"3,424.79","88,320.47"
80560407,朱雀,	01801,信达生物,11,4.15%,"1,267.60","84,475.96"
80560407,朱雀,	06886,HTSC,9,4.06%,"8,198.72","82,598.38"
80560407,朱雀,	01810,小米集团-W,5,3.24%,"3,030.16","65,946.54"
80560407,朱雀,	01772,赣锋锂业,11,3.20%,810.50,"65,008.25"
80000236,宝盈,	300750,宁德时代,12,1.06%,186.30,"60,019.72"
80000236,宝盈,	300496,中科创达,16,1.03%,479.94,"58,480.82"
80000236,宝盈,	00700,腾讯控股,13,0.98%,107.55,"55,448.56"
80000236,宝盈,	688111,金山办公,11,0.94%,165.23,"53,533.45"
80000236,宝盈,	300628,亿联网络,6,0.87%,721.67,"49,195.94"
80000236,宝盈,	000661,长春高新,12,0.83%,103.95,"47,063.32"
80000236,宝盈,	002920,德赛西威,13,0.79%,520.26,"44,617.40"
80000236,宝盈,	600438,通威股份,10,0.77%,"1,332.47","43,624.93"
80000236,宝盈,	300529,健帆生物,7,0.76%,567.09,"43,098.48"
80000236,宝盈,	002709,天赐材料,8,0.72%,503.51,"41,091.19"
80016241,中金公司,	600426,华鲁恒升,4,3.26%,350.75,"13,170.56"
80016241,中金公司,	002415,海康威视,6,1.54%,111.41,"6,227.82"
80016241,中金公司,	003022,联泓新科,2,1.49%,193.80,"6,023.35"
80016241,中金公司,	603678,火炬电子,2,1.36%,95.67,"5,502.10"
80016241,中金公司,	600141,兴发集团,2,1.34%,393.86,"5,395.82"
80016241,中金公司,	002250,联化科技,2,1.23%,200.70,"4,975.28"
80016241,中金公司,	000333,美的集团,2,1.20%,58.83,"4,837.35"
80016241,中金公司,	600519,贵州茅台,4,1.19%,2.40,"4,821.60"
80016241,中金公司,	000725,京东方Ａ,2,1.11%,712.88,"4,469.76"
80016241,中金公司,	000860,顺鑫农业,2,1.08%,92.66,"4,348.65"
80431710,招商证券资管,	600690,海尔智家,2,5.62%,94.66,"2,951.40"
80431710,招商证券资管,	000338,潍柴动力,2,5.44%,148.34,"2,854.10"
80431710,招商证券资管,	600887,伊利股份,2,5.26%,68.94,"2,759.67"
80431710,招商证券资管,	601238,广汽集团,2,4.23%,217.41,"2,219.73"
80431710,招商证券资管,	000661,长春高新,2,3.64%,4.22,"1,910.52"
80431710,招商证券资管,	000963,华东医药,2,3.57%,50.87,"1,875.93"
80431710,招商证券资管,	000001,平安银行,2,3.57%,85.15,"1,874.15"
80431710,招商证券资管,	600276,恒瑞医药,2,3.49%,19.92,"1,834.70"
80431710,招商证券资管,	603956,威派格,2,3.43%,109.69,"1,803.31"
80431710,招商证券资管,	601658,邮储银行,2,3.37%,301.86,"1,771.92"
80560391,中庚,	603368,柳药股份,4,7.34%,"3,048.60","69,081.29"
80560391,中庚,	002111,威海广泰,4,5.16%,"2,633.49","48,561.63"
80560391,中庚,	600328,中盐化工,4,3.66%,"4,300.30","34,488.39"
80560391,中庚,	603600,永艺股份,3,3.29%,"2,594.77","31,007.56"
80560391,中庚,	000671,阳 光 城,2,2.86%,"4,432.56","26,949.99"
80560391,中庚,	002105,信隆健康,2,1.99%,"2,278.39","18,682.83"
80560391,中庚,	00688,中国海外发展,1,1.87%,"1,030.65","17,595.91"
80560391,中庚,	603558,健盛集团,2,1.77%,"1,910.43","16,658.96"
80560391,中庚,	01398,工商银行,1,1.61%,"3,220.00","15,185.86"
80560391,中庚,	06818,中国光大银行,1,1.48%,"4,864.00","13,936.14"
80403111,浙商资管,	300760,迈瑞医疗,3,0.38%,13.03,"5,201.80"
80403111,浙商资管,	600519,贵州茅台,3,0.25%,1.67,"3,357.44"
80403111,浙商资管,	600036,招商银行,3,0.18%,47.17,"2,410.39"
80403111,浙商资管,	600690,海尔智家,1,0.16%,68.08,"2,122.73"
80403111,浙商资管,	601318,中国平安,2,0.15%,26.30,"2,069.81"
80403111,浙商资管,	300750,宁德时代,4,0.15%,6.18,"1,989.56"
80403111,浙商资管,	300059,东方财富,2,0.14%,69.88,"1,904.93"
80403111,浙商资管,	600926,杭州银行,1,0.12%,99.11,"1,673.97"
80403111,浙商资管,	601398,工商银行,2,0.10%,252.34,"1,397.96"
80403111,浙商资管,	600438,通威股份,2,0.09%,36.61,"1,198.61"
80036782,招商,	000568,泸州老窖,11,1.60%,"3,568.63","803,013.26"
80036782,招商,	600519,贵州茅台,22,1.56%,389.39,"782,290.54"
80036782,招商,	600809,山西汾酒,14,1.51%,"2,281.42","759,254.98"
80036782,招商,	000858,五 粮 液,16,1.37%,"2,569.29","688,519.41"
80036782,招商,	002304,洋河股份,2,1.14%,"3,465.98","570,847.63"
80036782,招商,	000661,长春高新,26,0.53%,588.26,"266,322.90"
80036782,招商,	000799,酒鬼酒,4,0.44%,"1,459.84","222,128.63"
80036782,招商,	300122,智飞生物,16,0.40%,"1,170.96","201,979.70"
80036782,招商,	603369,今世缘,2,0.39%,"4,017.03","197,035.51"
80036782,招商,	601658,邮储银行,7,0.34%,"29,323.26","172,127.52"
80508391,中航,	600519,贵州茅台,6,0.27%,1.31,"2,633.40"
80508391,中航,	601318,中国平安,6,0.27%,32.96,"2,593.57"
80508391,中航,	600276,恒瑞医药,6,0.21%,21.63,"1,991.91"
80508391,中航,	000333,美的集团,6,0.17%,20.15,"1,656.93"
80508391,中航,	000858,五 粮 液,4,0.16%,5.61,"1,503.37"
80508391,中航,	000002,万  科Ａ,4,0.15%,48.90,"1,467.00"
80508391,中航,	601877,正泰电器,2,0.13%,35.29,"1,281.03"
80508391,中航,	601088,中国神华,2,0.12%,59.10,"1,187.91"
80508391,中航,	600585,海螺水泥,2,0.10%,18.77,961.40
80508391,中航,	601100,恒立液压,2,0.09%,9.90,885.56
10000018,中信证券,	600519,贵州茅台,15,7.03%,178.98,"359,560.78"
10000018,中信证券,	002415,海康威视,8,3.04%,"2,783.54","155,599.72"
10000018,中信证券,	00700,腾讯控股,10,2.90%,287.41,"148,285.74"
10000018,中信证券,	600036,招商银行,10,2.46%,"2,461.86","125,801.04"
10000018,中信证券,	000858,五 粮 液,5,2.36%,450.60,"120,752.73"
10000018,中信证券,	002027,分众传媒,3,1.96%,"10,817.50","100,386.40"
10000018,中信证券,	000001,平安银行,5,1.77%,"4,107.11","90,397.54"
10000018,中信证券,	002142,宁波银行,5,1.62%,"2,133.81","82,962.63"
10000018,中信证券,	600887,伊利股份,5,1.55%,"1,981.48","79,318.64"
10000018,中信证券,	06690,海尔智家,3,1.49%,"2,887.52","75,954.42"
80381452,中泰资管,	603444,吉比特,4,0.88%,26.49,"9,860.50"
80381452,中泰资管,	600176,中国巨石,2,0.83%,487.63,"9,362.57"
80381452,中泰资管,	603885,吉祥航空,2,0.82%,616.94,"9,278.80"
80381452,中泰资管,	002271,东方雨虹,2,0.78%,172.53,"8,826.52"
80381452,中泰资管,	601117,中国化学,4,0.75%,"1,210.22","8,459.44"
80381452,中泰资管,	601668,中国建筑,6,0.64%,"1,396.50","7,247.84"
80381452,中泰资管,	300815,玉禾田,2,0.58%,65.48,"6,548.00"
80381452,中泰资管,	600153,建发股份,4,0.53%,708.18,"5,962.87"
80381452,中泰资管,	601088,中国神华,4,0.41%,226.66,"4,555.89"
80381452,中泰资管,	601021,春秋航空,2,0.37%,70.82,"4,217.74"
80455765,中科沃土,	600519,贵州茅台,4,0.82%,0.75,"1,502.33"
80455765,中科沃土,	601318,中国平安,4,0.68%,15.72,"1,237.31"
80455765,中科沃土,	000858,五 粮 液,4,0.43%,2.96,793.68
80455765,中科沃土,	000001,平安银行,2,0.41%,34.35,756.12
80455765,中科沃土,	600036,招商银行,4,0.38%,13.49,689.25
80455765,中科沃土,	002142,宁波银行,2,0.36%,16.91,657.29
80455765,中科沃土,	000333,美的集团,4,0.34%,7.53,619.19
80455765,中科沃土,	600276,恒瑞医药,4,0.29%,5.67,522.36
80455765,中科沃土,	601888,中国中免,4,0.25%,1.49,457.47
80455765,中科沃土,	000651,格力电器,4,0.23%,6.82,427.75
80365986,中金,	600519,贵州茅台,24,0.35%,11.00,"22,095.38"
80365986,中金,	300725,药石科技,12,0.20%,89.50,"12,744.10"
80365986,中金,	000858,五 粮 液,18,0.17%,40.56,"10,867.93"
80365986,中金,	300760,迈瑞医疗,12,0.16%,24.97,"9,966.46"
80365986,中金,	600276,恒瑞医药,16,0.14%,93.23,"8,585.26"
80365986,中金,	000568,泸州老窖,10,0.13%,35.55,"8,000.23"
80365986,中金,	000333,美的集团,12,0.12%,90.97,"7,480.41"
80365986,中金,	00700,腾讯控股,3,0.11%,13.72,"7,073.48"
80365986,中金,	600966,博汇纸业,8,0.11%,412.77,"6,946.96"
80365986,中金,	600887,伊利股份,14,0.11%,172.02,"6,885.89"
80000200,中银国际,	000725,京东方Ａ,4,0.11%,"2,070.80","12,983.92"
80000200,中银国际,	600031,三一重工,3,0.08%,274.06,"9,358.99"
80000200,中银国际,	600519,贵州茅台,8,0.08%,4.43,"8,899.87"
80000200,中银国际,	000858,五 粮 液,12,0.08%,32.12,"8,607.52"
80000200,中银国际,	300014,亿纬锂能,11,0.07%,108.94,"8,186.71"
80000200,中银国际,	000661,长春高新,10,0.07%,17.82,"8,067.65"
80000200,中银国际,	000568,泸州老窖,6,0.07%,33.80,"7,605.68"
80000200,中银国际,	601888,中国中免,8,0.06%,21.49,"6,577.60"
80000200,中银国际,	600309,万华化学,4,0.06%,60.00,"6,336.00"
80000200,中银国际,	300433,蓝思科技,3,0.05%,220.02,"5,749.07"
80355113,中信建投,	300347,泰格医药,4,0.37%,65.50,"9,832.21"
80355113,中信建投,	300595,欧普康视,4,0.35%,102.00,"9,195.30"
80355113,中信建投,	603456,九洲药业,6,0.30%,210.65,"8,053.15"
80355113,中信建投,	300760,迈瑞医疗,8,0.25%,16.65,"6,645.18"
80355113,中信建投,	603259,药明康德,4,0.25%,47.30,"6,631.46"
80355113,中信建投,	300379,东方通,4,0.25%,160.00,"6,523.20"
80355113,中信建投,	300144,宋城演艺,8,0.22%,278.99,"5,981.53"
80355113,中信建投,	002821,凯莱英,4,0.20%,18.59,"5,370.09"
80355113,中信建投,	000066,中国长城,4,0.19%,340.00,"5,052.40"
80355113,中信建投,	000550,江铃汽车,4,0.18%,170.00,"4,880.70"
80351345,中加,	600519,贵州茅台,8,0.06%,2.67,"5,364.03"
80351345,中加,	601633,长城汽车,9,0.06%,177.11,"5,336.27"
80351345,中加,	002925,盈趣科技,9,0.04%,67.50,"4,324.55"
80351345,中加,	000858,五 粮 液,8,0.04%,15.65,"4,193.89"
80351345,中加,	002206,海 利 得,7,0.04%,585.72,"3,461.58"
80351345,中加,	601601,中国太保,11,0.03%,85.73,"3,244.02"
80351345,中加,	000799,酒鬼酒,6,0.03%,19.35,"2,944.30"
80351345,中加,	601088,中国神华,9,0.03%,140.34,"2,820.76"
80351345,中加,	601939,建设银行,7,0.03%,381.06,"2,800.79"
80351345,中加,	600809,山西汾酒,6,0.03%,7.69,"2,560.10"
80341238,中融,	601318,中国平安,23,0.12%,164.46,"12,942.66"
80341238,中融,	600036,招商银行,21,0.09%,202.88,"10,367.34"
80341238,中融,	600519,贵州茅台,18,0.08%,4.37,"8,788.97"
80341238,中融,	000661,长春高新,11,0.08%,19.07,"8,632.16"
80341238,中融,	600882,妙可蓝多,7,0.08%,149.63,"8,512.46"
80341238,中融,	300124,汇川技术,6,0.07%,88.74,"7,588.11"
80341238,中融,	300408,三环集团,9,0.07%,177.00,"7,412.68"
80341238,中融,	600926,杭州银行,12,0.07%,430.61,"7,272.93"
80341238,中融,	002541,鸿路钢构,13,0.06%,139.15,"6,856.14"
80341238,中融,	300037,新宙邦,8,0.05%,78.27,"5,982.64"
80048752,中银,	600519,贵州茅台,51,0.41%,73.70,"148,062.70"
80048752,中银,	000651,格力电器,74,0.37%,"2,143.14","134,374.80"
80048752,中银,	600887,伊利股份,55,0.26%,"2,313.71","92,617.84"
80048752,中银,	300014,亿纬锂能,14,0.19%,996.99,"70,349.61"
80048752,中银,	000858,五 粮 液,42,0.19%,254.12,"68,099.64"
80048752,中银,	600900,长江电力,36,0.16%,"2,755.07","59,068.64"
80048752,中银,	600690,海尔智家,18,0.14%,"1,644.90","51,288.08"
80048752,中银,	000001,平安银行,31,0.14%,"2,276.35","50,102.52"
80048752,中银,	000538,云南白药,24,0.13%,374.88,"45,177.05"
80048752,中银,	603233,大参林,17,0.12%,530.17,"44,502.86"
80075936,中邮,	600519,贵州茅台,11,1.31%,27.97,"56,190.52"
80075936,中邮,	002415,海康威视,12,1.25%,954.49,"53,355.71"
80075936,中邮,	002025,航天电器,8,0.84%,764.77,"35,990.24"
80075936,中邮,	000858,五 粮 液,8,0.84%,133.76,"35,845.19"
80075936,中邮,	300775,三角防务,7,0.80%,"1,230.91","34,120.78"
80075936,中邮,	600019,宝钢股份,3,0.61%,"3,250.00","26,259.97"
80075936,中邮,	600862,中航高科,6,0.61%,"1,024.19","26,239.78"
80075936,中邮,	603806,福斯特,9,0.56%,278.95,"23,964.30"
80075936,中邮,	300750,宁德时代,7,0.56%,73.85,"23,792.25"
80075936,中邮,	600690,海尔智家,7,0.54%,737.01,"22,979.91"
80156777,浙商,	603816,顾家家居,8,0.44%,167.85,"13,521.80"
80156777,浙商,	00700,腾讯控股,5,0.41%,24.15,"12,450.52"
80156777,浙商,	300327,中颖电子,13,0.39%,302.55,"11,739.13"
80156777,浙商,	002142,宁波银行,7,0.38%,299.06,"11,627.61"
80156777,浙商,	300059,东方财富,7,0.36%,399.97,"10,903.24"
80156777,浙商,	01347,华虹半导体,8,0.33%,277.03,"9,914.78"
80156777,浙商,	600519,贵州茅台,7,0.33%,4.93,"9,905.78"
80156777,浙商,	03690,美团-W,5,0.32%,38.91,"9,806.49"
80156777,浙商,	002415,海康威视,12,0.32%,173.98,"9,725.48"
80156777,浙商,	01999,敏华控股,5,0.30%,660.36,"8,994.12"
80066058,中信建投证券,	601318,中国平安,2,4.73%,238.87,"18,799.07"
80066058,中信建投证券,	600276,恒瑞医药,2,3.95%,170.56,"15,706.87"
80066058,中信建投证券,	000651,格力电器,2,3.51%,222.24,"13,934.29"
80066058,中信建投证券,	600036,招商银行,2,2.90%,225.38,"11,516.92"
80066058,中信建投证券,	002415,海康威视,2,2.39%,169.78,"9,490.52"
80066058,中信建投证券,	600999,招商证券,2,2.31%,466.53,"9,167.39"
80066058,中信建投证券,	300015,爱尔眼科,2,2.30%,154.23,"9,137.91"
80066058,中信建投证券,	000002,万  科Ａ,2,2.15%,285.00,"8,549.85"
80066058,中信建投证券,	601636,旗滨集团,2,2.08%,638.17,"8,251.60"
80066058,中信建投证券,	603939,益丰药房,2,2.07%,92.69,"8,221.98"
80066470,中信保诚,	600519,贵州茅台,29,0.53%,27.66,"55,561.31"
80066470,中信保诚,	600588,用友网络,6,0.32%,946.46,"33,798.21"
80066470,中信保诚,	000516,国际医学,6,0.30%,"2,250.20","31,097.76"
80066470,中信保诚,	601888,中国中免,11,0.29%,98.73,"30,220.26"
80066470,中信保诚,	002460,赣锋锂业,7,0.27%,304.59,"28,710.39"
80066470,中信保诚,	002415,海康威视,9,0.26%,491.87,"27,495.75"
80066470,中信保诚,	002001,新 和 成,6,0.26%,716.98,"27,409.99"
80066470,中信保诚,	000858,五 粮 液,12,0.26%,101.98,"27,327.29"
80066470,中信保诚,	600690,海尔智家,9,0.21%,698.79,"21,788.27"
80066470,中信保诚,	601899,紫金矿业,1,0.20%,"2,149.05","20,673.81"
80065113,中欧,	600519,贵州茅台,45,1.67%,314.04,"785,507.35"
80065113,中欧,	002460,赣锋锂业,35,1.50%,"7,489.42","705,953.14"
80065113,中欧,	603259,药明康德,15,1.17%,"3,919.82","549,559.32"
80065113,中欧,	002415,海康威视,31,1.14%,"9,555.27","534,139.66"
80065113,中欧,	300015,爱尔眼科,7,1.05%,"8,299.59","491,750.82"
80065113,中欧,	00700,腾讯控股,26,1.00%,916.00,"472,252.83"
80065113,中欧,	002352,顺丰控股,36,0.81%,"4,688.44","379,857.75"
80065113,中欧,	000858,五 粮 液,30,0.75%,"1,321.35","354,096.34"
80065113,中欧,	300750,宁德时代,16,0.72%,"1,044.28","336,435.59"
80065113,中欧,	600309,万华化学,27,0.66%,"2,940.32","310,497.92"
80046614,中海,	000516,国际医学,8,2.92%,"2,155.71","29,791.91"
80046614,中海,	300124,汇川技术,6,1.85%,220.30,"18,837.82"
80046614,中海,	603259,药明康德,7,1.52%,110.72,"15,523.62"
80046614,中海,	603345,安井食品,7,1.50%,73.35,"15,297.42"
80046614,中海,	300083,创世纪,5,1.49%,"1,137.81","15,223.96"
80046614,中海,	300751,迈为股份,6,1.46%,27.01,"14,856.44"
80046614,中海,	300014,亿纬锂能,3,1.39%,188.41,"14,159.33"
80046614,中海,	600496,精工钢构,2,1.31%,"2,468.80","13,356.23"
80046614,中海,	000425,徐工机械,2,1.12%,"1,502.96","11,407.47"
80046614,中海,	002747,埃斯顿,2,1.10%,434.22,"11,241.90"
80356155,永赢,	601166,兴业银行,13,0.31%,"2,597.05","62,563.00"
80356155,永赢,	601058,赛轮轮胎,12,0.29%,"6,516.99","58,848.44"
80356155,永赢,	601318,中国平安,14,0.27%,684.30,"53,854.04"
80356155,永赢,	000001,平安银行,9,0.22%,"2,004.93","44,128.48"
80356155,永赢,	600036,招商银行,10,0.20%,804.60,"41,115.03"
80356155,永赢,	300750,宁德时代,10,0.20%,124.44,"40,090.09"
80356155,永赢,	601601,中国太保,7,0.19%,"1,026.02","38,824.45"
80356155,永赢,	601012,隆基股份,8,0.16%,360.90,"31,759.24"
80356155,永赢,	300124,汇川技术,8,0.15%,359.49,"30,740.13"
80356155,永赢,	688169,石头科技,9,0.15%,25.38,"29,616.48"
80046522,益民,	600519,贵州茅台,4,8.35%,6.26,"12,585.78"
80046522,益民,	000858,五 粮 液,3,8.15%,45.86,"12,289.08"
80046522,益民,	300347,泰格医药,3,8.09%,81.31,"12,205.80"
80046522,益民,	600809,山西汾酒,3,8.07%,36.55,"12,163.64"
80046522,益民,	000568,泸州老窖,3,7.94%,53.18,"11,966.50"
80046522,益民,	603259,药明康德,4,5.09%,54.71,"7,670.68"
80046522,益民,	000799,酒鬼酒,3,4.62%,45.81,"6,970.77"
80046522,益民,	300760,迈瑞医疗,3,4.09%,15.46,"6,169.20"
80046522,益民,	601888,中国中免,3,3.02%,14.88,"4,554.32"
80046522,益民,	600436,片仔癀,2,2.68%,14.11,"4,048.58"
80000237,银河,	603501,韦尔股份,7,1.47%,610.43,"156,709.59"
80000237,银河,	688981,中芯国际,1,1.28%,"2,500.00","135,800.00"
80000237,银河,	600460,士兰微,2,1.27%,"5,580.00","135,203.40"
80000237,银河,	603986,兆易创新,2,1.25%,778.59,"133,045.00"
80000237,银河,	600584,长电科技,2,1.20%,"3,730.00","127,528.70"
80000237,银河,	300782,卓胜微,1,1.15%,200.08,"121,851.34"
80000237,银河,	000725,京东方Ａ,9,1.14%,"19,409.67","121,698.62"
80000237,银河,	002371,北方华创,1,1.05%,780.29,"112,002.77"
80000237,银河,	688536,思瑞浦,1,0.96%,283.00,"102,106.40"
80000237,银河,	603005,晶方科技,1,0.87%,"1,560.00","92,554.80"
80280036,圆信永丰,	002791,坚朗五金,11,3.26%,197.51,"73,080.22"
80280036,圆信永丰,	300253,卫宁健康,8,1.42%,"1,934.01","31,737.04"
80280036,圆信永丰,	600519,贵州茅台,15,1.41%,15.75,"31,631.91"
80280036,圆信永丰,	002311,海大集团,13,1.36%,390.53,"30,460.99"
80280036,圆信永丰,	601601,中国太保,8,1.27%,751.54,"28,438.39"
80280036,圆信永丰,	600399,抚顺特钢,7,1.19%,"2,030.01","26,593.07"
80280036,圆信永丰,	000002,万  科Ａ,10,0.96%,718.49,"21,554.77"
80280036,圆信永丰,	000739,普洛药业,7,0.93%,730.02,"20,769.09"
80280036,圆信永丰,	002541,鸿路钢构,7,0.92%,416.06,"20,499.31"
80280036,圆信永丰,	300054,鼎龙股份,6,0.88%,"1,215.63","19,753.95"
80175498,英大,	600256,广汇能源,9,0.08%,"1,033.55","3,203.99"
80175498,英大,	601311,骆驼股份,9,0.07%,246.48,"2,625.01"
80175498,英大,	603989,艾华集团,9,0.07%,88.91,"2,609.62"
80175498,英大,	603228,景旺电子,7,0.05%,78.04,"2,052.53"
80175498,英大,	002035,华帝股份,6,0.05%,233.99,"1,827.42"
80175498,英大,	002823,凯中精密,4,0.03%,121.06,"1,342.55"
80175498,英大,	601601,中国太保,5,0.03%,32.85,"1,243.04"
80175498,英大,	601166,兴业银行,5,0.03%,46.22,"1,113.44"
80175498,英大,	002439,启明星辰,4,0.03%,31.92,"1,065.17"
80175498,英大,	601933,永辉超市,5,0.03%,146.64,997.15
80368700,兴银,	600900,长江电力,4,0.03%,62.12,"1,331.85"
80368700,兴银,	300674,宇信科技,7,0.03%,36.34,"1,309.69"
80368700,兴银,	300750,宁德时代,5,0.03%,4.03,"1,298.35"
80368700,兴银,	000069,华侨城Ａ,2,0.02%,125.67,"1,280.58"
80368700,兴银,	000651,格力电器,4,0.02%,19.53,"1,224.53"
80368700,兴银,	601618,中国中冶,2,0.02%,319.01,"1,091.01"
80368700,兴银,	601816,京沪高铁,2,0.02%,179.23,"1,048.50"
80368700,兴银,	600509,天富能源,2,0.02%,121.96,868.36
80368700,兴银,	003035,南网能源,2,0.02%,62.92,846.27
80368700,兴银,	002192,融捷股份,2,0.02%,15.61,833.11
80374411,兴证资管,	002415,海康威视,2,8.46%,281.92,"15,759.56"
80374411,兴证资管,	600426,华鲁恒升,2,7.48%,370.85,"13,925.31"
80374411,兴证资管,	002179,中航光电,2,7.23%,199.27,"13,470.68"
80374411,兴证资管,	002352,顺丰控股,2,6.90%,158.67,"12,855.41"
80374411,兴证资管,	600519,贵州茅台,2,6.08%,5.64,"11,325.13"
80374411,兴证资管,	601318,中国平安,2,5.18%,122.43,"9,635.23"
80374411,兴证资管,	000661,长春高新,2,5.10%,20.96,"9,489.22"
80374411,兴证资管,	002142,宁波银行,2,4.63%,221.86,"8,625.92"
80374411,兴证资管,	300454,深信服,2,4.06%,30.62,"7,563.26"
80374411,兴证资管,	000858,五 粮 液,2,3.71%,25.74,"6,898.85"
80280397,湘财,	603612,索通发展,8,1.63%,120.62,"1,977.03"
80280397,湘财,	000831,五矿稀土,4,1.52%,102.48,"1,838.49"
80280397,湘财,	600066,宇通客车,4,1.34%,113.30,"1,625.86"
80280397,湘财,	600010,包钢股份,4,1.34%,"1,039.27","1,621.26"
80280397,湘财,	300059,东方财富,6,1.32%,58.80,"1,602.89"
80280397,湘财,	600567,山鹰国际,4,1.30%,428.26,"1,567.43"
80280397,湘财,	000933,神火股份,4,1.22%,155.01,"1,472.62"
80280397,湘财,	002408,齐翔腾达,4,1.17%,157.74,"1,410.20"
80280397,湘财,	600158,中体产业,4,1.03%,110.00,"1,244.11"
80280397,湘财,	000983,山西焦煤,4,0.77%,186.03,932.01
80000235,银华,	600519,贵州茅台,68,1.17%,307.02,"616,812.02"
80000235,银华,	000858,五 粮 液,65,1.07%,"2,107.42","564,747.51"
80000235,银华,	600809,山西汾酒,20,0.74%,"1,172.26","390,127.03"
80000235,银华,	603259,药明康德,32,0.64%,"2,388.50","334,867.62"
80000235,银华,	300750,宁德时代,29,0.52%,845.88,"272,516.48"
80000235,银华,	000568,泸州老窖,32,0.48%,"1,119.04","251,806.13"
80000235,银华,	300347,泰格医药,9,0.41%,"1,440.33","216,208.40"
80000235,银华,	300122,智飞生物,19,0.38%,"1,164.98","200,947.80"
80000235,银华,	600132,重庆啤酒,6,0.37%,"1,733.69","192,942.25"
80000235,银华,	00700,腾讯控股,12,0.35%,360.68,"185,952.11"
80452130,新沃,	002460,赣锋锂业,3,2.56%,12.00,"1,131.12"
80452130,新沃,	300782,卓胜微,3,2.44%,1.77,"1,077.93"
80452130,新沃,	603501,韦尔股份,3,2.30%,3.95,"1,014.04"
80452130,新沃,	002920,德赛西威,3,2.09%,10.77,923.64
80452130,新沃,	300661,圣邦股份,3,1.98%,3.77,872.00
80452130,新沃,	300750,宁德时代,3,1.95%,2.67,860.19
80452130,新沃,	300408,三环集团,3,1.85%,19.50,816.66
80452130,新沃,	300415,伊之密,3,1.84%,40.54,811.21
80452130,新沃,	002138,顺络电子,2,1.68%,22.37,742.24
80452130,新沃,	600346,恒力石化,2,1.66%,25.00,733.25
80000229,易方达,	000858,五 粮 液,93,2.02%,"10,335.29","2,769,650.99"
80000229,易方达,	600519,贵州茅台,84,1.98%,"1,349.64","2,711,435.40"
80000229,易方达,	00700,腾讯控股,26,1.47%,"3,902.42","2,011,930.87"
80000229,易方达,	03690,美团-W,19,1.24%,"6,770.28","1,706,331.79"
80000229,易方达,	000568,泸州老窖,23,1.18%,"7,202.07","1,620,609.07"
80000229,易方达,	002415,海康威视,72,0.96%,"23,837.41","1,319,779.26"
80000229,易方达,	00388,香港交易所,15,0.94%,"3,337.50","1,290,228.55"
80000229,易方达,	601012,隆基股份,73,0.90%,"14,067.90","1,237,974.82"
80000229,易方达,	600036,招商银行,53,0.87%,"23,383.00","1,194,871.10"
80000229,易方达,	000333,美的集团,70,0.74%,"12,271.74","1,008,894.99"
80280395,兴业,	601888,中国中免,11,0.30%,72.94,"66,399.50"
80280395,兴业,	600519,贵州茅台,22,0.16%,17.98,"36,115.59"
80280395,兴业,	000858,五 粮 液,10,0.12%,102.41,"27,444.53"
80280395,兴业,	300059,东方财富,15,0.07%,606.61,"16,536.07"
80280395,兴业,	600036,招商银行,10,0.07%,320.52,"16,378.51"
80280395,兴业,	300750,宁德时代,11,0.07%,48.62,"15,665.16"
80280395,兴业,	601939,建设银行,14,0.06%,"1,815.01","13,340.32"
80280395,兴业,	601601,中国太保,12,0.06%,344.50,"13,035.78"
80280395,兴业,	600031,三一重工,6,0.05%,313.73,"10,713.88"
80280395,兴业,	603259,药明康德,6,0.04%,70.83,"9,929.81"
81102343,兴华,	002422,科伦药业,4,6.39%,12.13,267.95
81102343,兴华,	000513,丽珠集团,2,2.79%,2.80,116.93
81102343,兴华,	601318,中国平安,2,1.88%,1.00,78.70
81102343,兴华,	002810,山东赫达,2,1.83%,1.20,76.96
81102343,兴华,	002439,启明星辰,2,1.83%,2.30,76.75
81102343,兴华,	002653,海思科,2,1.76%,3.00,73.89
81102343,兴华,	002352,顺丰控股,2,1.72%,0.89,72.11
81102343,兴华,	002027,分众传媒,2,1.70%,7.70,71.46
81102343,兴华,	000066,中国长城,2,1.70%,4.80,71.33
81102343,兴华,	600419,天润乳业,2,1.68%,5.00,70.35
80501166,先锋,	300363,博腾股份,4,0.06%,1.81,95.59
80501166,先锋,	600019,宝钢股份,4,0.06%,11.39,92.03
80501166,先锋,	300740,水羊股份,4,0.06%,3.93,91.10
80501166,先锋,	603893,瑞芯微,4,0.06%,1.40,90.97
80501166,先锋,	600063,皖维高新,4,0.06%,19.54,85.39
80501166,先锋,	002508,老板电器,4,0.06%,2.30,84.00
80501166,先锋,	300659,中孚信息,4,0.06%,2.17,83.98
80501166,先锋,	002092,中泰化学,4,0.06%,8.98,83.15
80501166,先锋,	002139,拓邦股份,4,0.05%,7.42,81.99
80501166,先锋,	603198,迎驾贡酒,4,0.05%,2.23,78.63
80074234,信达澳银,	000725,京东方Ａ,13,1.59%,"10,179.43","63,825.00"
80074234,信达澳银,	000049,德赛电池,8,1.43%,841.19,"57,444.70"
80074234,信达澳银,	300750,宁德时代,15,1.19%,149.14,"48,049.17"
80074234,信达澳银,	002876,三利谱,9,1.02%,520.26,"40,918.68"
80074234,信达澳银,	600563,法拉电子,9,0.94%,382.05,"37,945.07"
80074234,信达澳银,	300408,三环集团,9,0.90%,866.06,"36,270.42"
80074234,信达澳银,	300083,创世纪,9,0.75%,"2,254.93","30,170.92"
80074234,信达澳银,	000636,风华高科,6,0.66%,850.83,"26,511.77"
80074234,信达澳银,	601058,赛轮轮胎,6,0.64%,"2,837.38","25,621.52"
80074234,信达澳银,	002138,顺络电子,5,0.61%,736.49,"24,436.71"
80000249,新华,	300750,宁德时代,17,1.08%,166.13,"53,521.55"
80000249,新华,	002594,比亚迪,10,0.70%,210.35,"34,604.89"
80000249,新华,	000333,美的集团,16,0.68%,406.52,"33,428.10"
80000249,新华,	300014,亿纬锂能,6,0.47%,309.67,"23,271.34"
80000249,新华,	002812,恩捷股份,5,0.38%,168.58,"18,867.70"
80000249,新华,	002475,立讯精密,9,0.35%,510.54,"17,271.54"
80000249,新华,	002709,天赐材料,2,0.35%,210.40,"17,170.42"
80000249,新华,	688139,海尔生物,2,0.33%,186.40,"16,103.28"
80000249,新华,	000625,长安汽车,5,0.32%,"1,117.99","15,864.35"
80000249,新华,	002078,太阳纸业,7,0.31%,965.70,"15,180.83"
80351991,鑫元,	600519,贵州茅台,10,0.08%,1.59,"3,194.31"
80351991,鑫元,	000858,五 粮 液,7,0.06%,8.55,"2,291.23"
80351991,鑫元,	300750,宁德时代,7,0.05%,6.49,"2,090.88"
80351991,鑫元,	000651,格力电器,5,0.04%,24.40,"1,529.91"
80351991,鑫元,	601318,中国平安,8,0.03%,16.19,"1,274.15"
80351991,鑫元,	600570,恒生电子,4,0.03%,13.00,"1,092.00"
80351991,鑫元,	603259,药明康德,4,0.03%,7.66,"1,074.49"
80351991,鑫元,	603659,璞泰来,3,0.03%,10.87,"1,032.65"
80351991,鑫元,	600036,招商银行,4,0.02%,18.04,921.84
80351991,鑫元,	300760,迈瑞医疗,4,0.02%,1.83,730.37
80036742,兴证全球,	002415,海康威视,20,1.75%,"15,239.85","851,907.70"
80036742,兴证全球,	600690,海尔智家,17,1.54%,"24,016.99","748,849.71"
80036742,兴证全球,	601318,中国平安,16,1.29%,"7,999.57","629,565.77"
80036742,兴证全球,	601899,紫金矿业,6,1.16%,"58,669.88","564,404.29"
80036742,兴证全球,	000001,平安银行,13,0.96%,"21,171.00","465,973.70"
80036742,兴证全球,	002044,美年健康,10,0.89%,"28,076.88","432,764.02"
80036742,兴证全球,	000002,万  科Ａ,9,0.87%,"14,103.77","423,113.10"
80036742,兴证全球,	00700,腾讯控股,8,0.79%,751.11,"387,240.16"
80036742,兴证全球,	600048,保利地产,10,0.79%,"27,040.56","384,787.20"
80036742,兴证全球,	600703,三安光电,2,0.77%,"16,188.66","376,871.93"
80147736,西部利得,	600519,贵州茅台,14,0.26%,8.43,"16,940.49"
80147736,西部利得,	000651,格力电器,17,0.18%,183.19,"11,486.28"
80147736,西部利得,	600690,海尔智家,14,0.14%,281.80,"8,786.53"
80147736,西部利得,	000568,泸州老窖,9,0.11%,32.80,"7,380.66"
80147736,西部利得,	601318,中国平安,8,0.10%,82.89,"6,523.24"
80147736,西部利得,	601888,中国中免,6,0.10%,21.23,"6,499.58"
80147736,西部利得,	600276,恒瑞医药,10,0.09%,65.45,"6,027.70"
80147736,西部利得,	603259,药明康德,13,0.09%,39.81,"5,581.42"
80147736,西部利得,	601166,兴业银行,6,0.08%,216.04,"5,204.35"
80147736,西部利得,	603816,顾家家居,6,0.08%,64.07,"5,161.25"
80560408,同泰,	600111,北方稀土,8,1.84%,121.12,"2,315.90"
80560408,同泰,	000963,华东医药,10,1.74%,59.23,"2,184.25"
80560408,同泰,	600392,盛和资源,6,1.33%,95.71,"1,668.30"
80560408,同泰,	000831,五矿稀土,6,1.06%,74.56,"1,337.56"
80560408,同泰,	600549,厦门钨业,6,1.04%,71.33,"1,308.19"
80560408,同泰,	000933,神火股份,8,0.85%,112.22,"1,066.05"
80560408,同泰,	000661,长春高新,6,0.78%,2.17,982.42
80560408,同泰,	300724,捷佳伟创,6,0.78%,9.01,976.05
80560408,同泰,	688390,固德威,6,0.71%,4.32,893.92
80560408,同泰,	600519,贵州茅台,4,0.67%,0.42,843.78
80000247,泰信,	603501,韦尔股份,4,0.74%,40.17,"10,312.44"
80000247,泰信,	603156,养元饮品,6,0.70%,376.73,"9,746.06"
80000247,泰信,	688368,晶丰明源,4,0.67%,47.70,"9,420.75"
80000247,泰信,	688002,睿创微纳,5,0.66%,103.68,"9,196.42"
80000247,泰信,	605111,新洁能,3,0.65%,56.80,"9,106.74"
80000247,泰信,	002049,紫光国微,1,0.62%,81.00,"8,666.19"
80000247,泰信,	300661,圣邦股份,3,0.60%,36.25,"8,384.63"
80000247,泰信,	688536,思瑞浦,5,0.57%,21.90,"7,901.52"
80000247,泰信,	603986,兆易创新,1,0.55%,45.00,"7,689.60"
80000247,泰信,	688008,澜起科技,5,0.55%,125.00,"7,650.00"
80000240,万家,	603986,兆易创新,10,1.00%,"1,205.10","205,927.56"
80000240,万家,	300454,深信服,10,0.95%,792.79,"195,818.56"
80000240,万家,	600588,用友网络,7,0.87%,"5,007.70","178,825.04"
80000240,万家,	002594,比亚迪,5,0.78%,980.00,"161,219.70"
80000240,万家,	300661,圣邦股份,9,0.73%,646.18,"149,461.90"
80000240,万家,	300676,华大基因,5,0.72%,"1,213.38","149,015.38"
80000240,万家,	002439,启明星辰,7,0.64%,"3,928.54","131,095.52"
80000240,万家,	300124,汇川技术,7,0.61%,"1,472.57","125,919.71"
80000240,万家,	300012,华测检测,10,0.57%,"4,093.16","116,655.15"
80000240,万家,	688023,安恒信息,5,0.46%,355.77,"94,041.48"
80000252,天治,	600036,招商银行,10,2.96%,103.79,"5,303.80"
80000252,天治,	601318,中国平安,4,2.00%,45.38,"3,571.40"
80000252,天治,	600519,贵州茅台,11,1.89%,1.68,"3,375.12"
80000252,天治,	603158,腾龙股份,1,1.85%,196.62,"3,309.15"
80000252,天治,	603131,上海沪工,1,1.84%,177.40,"3,297.78"
80000252,天治,	300663,科蓝软件,1,1.38%,124.74,"2,463.62"
80000252,天治,	600570,恒生电子,2,1.28%,27.26,"2,289.84"
80000252,天治,	000858,五 粮 液,7,1.18%,7.86,"2,106.32"
80000252,天治,	601166,兴业银行,2,1.14%,84.49,"2,035.36"
80000252,天治,	603501,韦尔股份,1,1.01%,7.03,"1,804.74"
80061674,泰康资产,	600519,贵州茅台,27,2.41%,97.28,"195,426.08"
80061674,泰康资产,	000858,五 粮 液,16,1.42%,431.49,"115,630.77"
80061674,泰康资产,	00700,腾讯控股,20,1.42%,223.89,"115,427.85"
80061674,泰康资产,	300760,迈瑞医疗,16,0.96%,195.44,"78,001.26"
80061674,泰康资产,	000333,美的集团,11,0.83%,818.36,"67,293.91"
80061674,泰康资产,	600809,山西汾酒,11,0.81%,197.43,"65,705.40"
80061674,泰康资产,	600031,三一重工,18,0.69%,"1,639.85","56,000.73"
80061674,泰康资产,	002410,广联达,7,0.65%,799.17,"53,056.96"
80061674,泰康资产,	600036,招商银行,7,0.56%,893.20,"45,642.74"
80061674,泰康资产,	300124,汇川技术,10,0.46%,433.08,"37,033.06"
80000080,山西证券,	600519,贵州茅台,2,0.15%,0.66,"1,325.94"
80000080,山西证券,	000333,美的集团,2,0.10%,10.59,870.82
80000080,山西证券,	002415,海康威视,3,0.08%,12.94,723.33
80000080,山西证券,	601318,中国平安,2,0.08%,8.68,683.12
80000080,山西证券,	000858,五 粮 液,2,0.08%,2.44,653.87
80000080,山西证券,	603259,药明康德,1,0.07%,4.41,618.28
80000080,山西证券,	600570,恒生电子,2,0.06%,5.99,503.41
80000080,山西证券,	300015,爱尔眼科,1,0.06%,8.47,501.62
80000080,山西证券,	002475,立讯精密,2,0.05%,12.64,427.71
80000080,山西证券,	300750,宁德时代,1,0.05%,1.32,425.26
80000238,泰达宏利,	600519,贵州茅台,26,0.95%,23.02,"46,252.00"
80000238,泰达宏利,	000661,长春高新,19,0.90%,96.87,"43,855.09"
80000238,泰达宏利,	000858,五 粮 液,17,0.77%,139.00,"37,249.65"
80000238,泰达宏利,	300760,迈瑞医疗,16,0.63%,76.61,"30,576.26"
80000238,泰达宏利,	603520,司太立,12,0.61%,506.97,"29,728.76"
80000238,泰达宏利,	600276,恒瑞医药,19,0.46%,240.38,"22,136.20"
80000238,泰达宏利,	601888,中国中免,21,0.43%,68.61,"21,000.42"
80000238,泰达宏利,	000651,格力电器,9,0.41%,321.43,"20,153.58"
80000238,泰达宏利,	000568,泸州老窖,14,0.41%,89.50,"20,138.64"
80000238,泰达宏利,	000333,美的集团,12,0.39%,232.65,"19,130.92"
80184574,上海海通证券资产管理,	600309,万华化学,3,4.00%,155.85,"16,457.80"
80184574,上海海通证券资产管理,	000786,北新建材,3,3.63%,346.27,"14,945.14"
80184574,上海海通证券资产管理,	603833,欧派家居,3,3.63%,94.64,"14,916.40"
80184574,上海海通证券资产管理,	600486,扬农化工,3,3.30%,113.16,"13,570.15"
80184574,上海海通证券资产管理,	00772,阅文集团,3,3.26%,205.88,"13,389.74"
80184574,上海海通证券资产管理,	601012,隆基股份,5,2.94%,137.44,"12,094.55"
80184574,上海海通证券资产管理,	06186,中国飞鹤,3,2.91%,643.20,"11,959.64"
80184574,上海海通证券资产管理,	300760,迈瑞医疗,3,2.90%,29.92,"11,941.37"
80184574,上海海通证券资产管理,	601318,中国平安,3,2.64%,137.80,"10,844.85"
80184574,上海海通证券资产管理,	01810,小米集团-W,3,2.57%,485.00,"10,555.24"
80192219,上海光大证券,	00700,腾讯控股,14,1.38%,50.02,"25,786.75"
80192219,上海光大证券,	600309,万华化学,17,1.02%,181.22,"19,136.58"
80192219,上海光大证券,	300408,三环集团,6,0.82%,365.79,"15,319.30"
80192219,上海光大证券,	03690,美团-W,12,0.78%,57.56,"14,507.00"
80192219,上海光大证券,	603906,龙蟠科技,6,0.77%,479.91,"14,373.21"
80192219,上海光大证券,	688099,晶晨股份,6,0.51%,116.66,"9,590.82"
80192219,上海光大证券,	000725,京东方Ａ,5,0.49%,"1,453.03","9,110.50"
80192219,上海光大证券,	00853,微创医疗,8,0.42%,213.20,"7,883.42"
80192219,上海光大证券,	02269,药明生物,8,0.41%,93.55,"7,697.13"
80192219,上海光大证券,	000333,美的集团,8,0.35%,80.00,"6,578.41"
80366080,上银,	000333,美的集团,6,0.14%,146.40,"12,038.46"
80366080,上银,	600036,招商银行,7,0.14%,233.76,"11,944.93"
80366080,上银,	600519,贵州茅台,6,0.11%,4.72,"9,481.68"
80366080,上银,	601318,中国平安,6,0.09%,99.38,"7,821.10"
80366080,上银,	002867,周大生,4,0.06%,146.98,"5,141.44"
80366080,上银,	603180,金牌厨柜,5,0.06%,69.34,"5,033.38"
80366080,上银,	002372,伟星新材,3,0.05%,180.13,"4,549.97"
80366080,上银,	603886,元祖股份,4,0.05%,239.59,"4,207.20"
80366080,上银,	000002,万  科Ａ,3,0.04%,121.92,"3,657.59"
80366080,上银,	002142,宁波银行,2,0.04%,86.67,"3,369.59"
80041198,天弘,	600036,招商银行,30,0.17%,"3,946.85","201,683.96"
80041198,天弘,	601166,兴业银行,16,0.13%,"6,449.75","155,374.55"
80041198,天弘,	600519,贵州茅台,36,0.12%,72.80,"146,250.98"
80041198,天弘,	601318,中国平安,34,0.08%,"1,245.90","98,052.34"
80041198,天弘,	000858,五 粮 液,22,0.08%,342.75,"91,850.73"
80041198,天弘,	000001,平安银行,5,0.07%,"3,683.25","81,068.24"
80041198,天弘,	300059,东方财富,10,0.06%,"2,788.78","76,022.16"
80041198,天弘,	601398,工商银行,14,0.06%,"13,684.30","75,811.03"
80041198,天弘,	002415,海康威视,20,0.06%,"1,216.69","68,012.93"
80041198,天弘,	600887,伊利股份,17,0.06%,"1,679.66","67,236.79"
80294346,太平,	002304,洋河股份,4,0.48%,111.30,"18,330.47"
80294346,太平,	300298,三诺生物,5,0.44%,544.17,"16,842.00"
80294346,太平,	000568,泸州老窖,3,0.42%,71.92,"16,184.25"
80294346,太平,	600519,贵州茅台,6,0.39%,7.51,"15,079.55"
80294346,太平,	002402,和而泰,3,0.37%,686.98,"14,110.52"
80294346,太平,	603236,移远通信,3,0.31%,56.19,"11,764.63"
80294346,太平,	601318,中国平安,5,0.28%,135.12,"10,633.64"
80294346,太平,	601818,光大银行,3,0.28%,"2,600.00","10,608.00"
80294346,太平,	300014,亿纬锂能,3,0.28%,141.00,"10,595.95"
80294346,太平,	600522,中天科技,1,0.25%,839.24,"9,609.30"
80050229,上投,	601888,中国中免,21,0.78%,461.08,"141,128.44"
80050229,上投,	688169,石头科技,15,0.73%,114.43,"133,534.09"
80050229,上投,	00700,腾讯控股,7,0.72%,255.63,"131,791.62"
80050229,上投,	600519,贵州茅台,22,0.72%,65.56,"131,713.66"
80050229,上投,	002236,大华股份,9,0.72%,"5,299.20","130,731.21"
80050229,上投,	000661,长春高新,34,0.70%,280.28,"126,891.39"
80050229,上投,	600900,长江电力,20,0.66%,"5,570.11","119,423.15"
80050229,上投,	600031,三一重工,12,0.52%,"2,753.10","94,018.51"
80050229,上投,	000333,美的集团,15,0.51%,"1,139.67","93,715.05"
80050229,上投,	601012,隆基股份,6,0.51%,"1,062.92","93,536.92"
80000231,融通,	300124,汇川技术,33,1.24%,"2,178.75","186,304.98"
80000231,融通,	600031,三一重工,35,1.02%,"4,478.69","152,947.39"
80000231,融通,	000338,潍柴动力,34,0.95%,"7,407.43","142,518.96"
80000231,融通,	601100,恒立液压,28,0.93%,"1,565.86","140,066.08"
80000231,融通,	000661,长春高新,36,0.86%,285.14,"129,089.39"
80000231,融通,	601012,隆基股份,17,0.65%,"1,117.67","98,355.37"
80000231,融通,	601888,中国中免,31,0.64%,314.53,"96,272.08"
80000231,融通,	300750,宁德时代,36,0.63%,292.03,"94,082.24"
80000231,融通,	603737,三棵树,4,0.57%,427.09,"85,077.05"
80000231,融通,	000951,中国重汽,6,0.54%,"2,122.42","81,076.62"
80672691,睿远,	00941,中国移动,4,7.60%,"8,223.15","354,088.84"
80672691,睿远,	002271,东方雨虹,4,5.72%,"5,271.07","266,403.93"
80672691,睿远,	600309,万华化学,4,4.25%,"1,873.45","197,835.99"
80672691,睿远,	002475,立讯精密,2,4.24%,"5,833.38","197,343.30"
80672691,睿远,	300253,卫宁健康,2,3.73%,"10,599.20","173,932.80"
80672691,睿远,	601012,隆基股份,2,2.80%,"1,600.00","130,424.00"
80672691,睿远,	300285,国瓷材料,2,2.59%,"2,845.29","120,810.89"
80672691,睿远,	01810,小米集团-W,2,2.53%,"5,409.58","117,712.46"
80672691,睿远,	300450,先导智能,2,2.21%,"1,318.61","102,875.81"
80672691,睿远,	300037,新宙邦,2,1.94%,"1,184.28","90,526.24"
80045188,申万,	300750,宁德时代,8,0.97%,168.63,"54,326.88"
80045188,申万,	300122,智飞生物,5,0.61%,198.11,"34,172.60"
80045188,申万,	300014,亿纬锂能,6,0.59%,441.66,"33,190.86"
80045188,申万,	603799,华友钴业,3,0.58%,471.13,"32,385.72"
80045188,申万,	600030,中信证券,4,0.51%,"1,202.80","28,735.00"
80045188,申万,	300059,东方财富,5,0.50%,"1,033.56","28,174.93"
80045188,申万,	002568,百润股份,3,0.49%,252.93,"27,569.84"
80045188,申万,	601012,隆基股份,8,0.46%,295.96,"26,044.67"
80045188,申万,	300529,健帆生物,11,0.40%,296.55,"22,537.61"
80045188,申万,	300760,迈瑞医疗,8,0.39%,54.61,"21,797.07"
80061431,人保资产,	600519,贵州茅台,13,0.67%,1.84,"3,695.56"
80061431,人保资产,	601318,中国平安,12,0.49%,33.82,"2,661.80"
80061431,人保资产,	600887,伊利股份,9,0.29%,39.54,"1,582.75"
80061431,人保资产,	000858,五 粮 液,7,0.29%,5.87,"1,573.34"
80061431,人保资产,	002415,海康威视,6,0.28%,27.83,"1,555.70"
80061431,人保资产,	000651,格力电器,8,0.23%,19.70,"1,235.33"
80061431,人保资产,	601601,中国太保,6,0.15%,21.62,818.10
80061431,人保资产,	600036,招商银行,5,0.15%,15.71,802.76
80061431,人保资产,	600690,海尔智家,6,0.14%,24.10,751.44
80061431,人保资产,	601888,中国中免,7,0.12%,2.19,671.54
80468996,前海联合,	600519,贵州茅台,16,0.68%,13.05,"26,223.08"
80468996,前海联合,	000858,五 粮 液,14,0.61%,86.78,"23,255.30"
80468996,前海联合,	300760,迈瑞医疗,14,0.60%,57.79,"23,064.57"
80468996,前海联合,	002460,赣锋锂业,12,0.60%,243.00,"22,905.18"
80468996,前海联合,	600438,通威股份,8,0.55%,648.00,"21,215.52"
80468996,前海联合,	300750,宁德时代,8,0.55%,65.30,"21,037.70"
80468996,前海联合,	600690,海尔智家,8,0.45%,559.59,"17,448.10"
80468996,前海联合,	603198,迎驾贡酒,6,0.29%,310.00,"10,930.60"
80468996,前海联合,	603345,安井食品,4,0.25%,46.50,"9,698.04"
80468996,前海联合,	603882,金域医学,6,0.21%,63.90,"8,118.50"
80091787,浦银,	600519,贵州茅台,28,0.10%,11.50,"23,102.90"
80091787,浦银,	601012,隆基股份,15,0.07%,179.98,"15,837.98"
80091787,浦银,	000661,长春高新,10,0.06%,33.26,"15,056.49"
80091787,浦银,	603456,九洲药业,8,0.06%,352.35,"13,470.36"
80091787,浦银,	300363,博腾股份,6,0.05%,240.59,"12,705.43"
80091787,浦银,	603259,药明康德,15,0.05%,82.27,"11,534.37"
80091787,浦银,	000858,五 粮 液,17,0.05%,41.18,"11,035.82"
80091787,浦银,	002821,凯莱英,5,0.04%,35.80,"10,342.33"
80091787,浦银,	601166,兴业银行,6,0.04%,370.35,"8,921.62"
80091787,浦银,	000651,格力电器,8,0.03%,131.75,"8,260.73"
80280038,前海开源,	600519,贵州茅台,43,4.38%,270.30,"543,028.68"
80280038,前海开源,	601888,中国中免,20,3.84%,"1,553.67","475,548.35"
80280038,前海开源,	000858,五 粮 液,35,3.26%,"1,505.69","403,495.50"
80280038,前海开源,	00700,腾讯控股,23,2.80%,673.00,"346,971.75"
80280038,前海开源,	06098,碧桂园服务,9,2.78%,"5,180.60","345,028.91"
80280038,前海开源,	000661,长春高新,25,2.63%,719.83,"325,886.60"
80280038,前海开源,	300677,英科医疗,10,2.15%,"1,646.55","266,065.71"
80280038,前海开源,	03888,金山软件,6,1.80%,"5,120.93","223,330.50"
80280038,前海开源,	300750,宁德时代,19,1.55%,597.58,"192,522.28"
80280038,前海开源,	300760,迈瑞医疗,20,1.20%,371.05,"148,091.00"
80168726,平安,	600519,贵州茅台,71,0.43%,79.67,"160,061.05"
80168726,平安,	300014,亿纬锂能,45,0.38%,"1,880.56","141,324.21"
80168726,平安,	300124,汇川技术,21,0.34%,"1,471.61","125,837.09"
80168726,平安,	000568,泸州老窖,47,0.30%,495.53,"111,503.35"
80168726,平安,	600031,三一重工,28,0.24%,"2,643.29","90,268.39"
80168726,平安,	000858,五 粮 液,49,0.19%,267.10,"71,578.40"
80168726,平安,	300450,先导智能,12,0.18%,823.04,"65,012.25"
80168726,平安,	601012,隆基股份,38,0.14%,599.66,"52,769.77"
80168726,平安,	300750,宁德时代,14,0.12%,134.19,"43,230.83"
80168726,平安,	002271,东方雨虹,9,0.12%,837.33,"42,837.88"
80522693,鹏扬,	601288,农业银行,8,0.68%,"14,302.80","48,629.52"
80522693,鹏扬,	601166,兴业银行,17,0.67%,"1,980.47","47,709.46"
80522693,鹏扬,	601398,工商银行,10,0.42%,"5,362.95","29,710.74"
80522693,鹏扬,	601012,隆基股份,26,0.40%,322.18,"28,351.45"
80522693,鹏扬,	002460,赣锋锂业,28,0.38%,285.38,"26,899.61"
80522693,鹏扬,	000001,平安银行,14,0.32%,"1,031.66","22,706.84"
80522693,鹏扬,	600036,招商银行,14,0.31%,433.03,"22,127.94"
80522693,鹏扬,	600519,贵州茅台,18,0.24%,8.34,"16,755.06"
80522693,鹏扬,	601601,中国太保,10,0.22%,418.58,"15,838.92"
80522693,鹏扬,	600885,宏发股份,12,0.19%,271.16,"13,390.08"
80555446,南华,	600519,贵州茅台,4,0.67%,0.87,"1,747.83"
80555446,南华,	300760,迈瑞医疗,4,0.61%,3.97,"1,586.30"
80555446,南华,	000568,泸州老窖,4,0.60%,6.99,"1,572.89"
80555446,南华,	000858,五 粮 液,4,0.52%,5.09,"1,364.02"
80555446,南华,	600276,恒瑞医药,6,0.50%,14.16,"1,303.64"
80555446,南华,	600763,通策医疗,5,0.49%,5.14,"1,288.60"
80555446,南华,	600809,山西汾酒,4,0.49%,3.84,"1,277.95"
80555446,南华,	601888,中国中免,4,0.48%,4.12,"1,261.05"
80555446,南华,	300750,宁德时代,4,0.48%,3.85,"1,239.97"
80555446,南华,	601012,隆基股份,2,0.37%,10.97,965.65
80000230,鹏华,	600519,贵州茅台,56,0.95%,299.11,"600,911.99"
80000230,鹏华,	000858,五 粮 液,27,0.77%,"1,817.39","487,024.79"
80000230,鹏华,	00700,腾讯控股,21,0.66%,807.76,"416,448.58"
80000230,鹏华,	601318,中国平安,50,0.52%,"4,202.09","330,704.56"
80000230,鹏华,	03690,美团-W,12,0.52%,"1,294.17","326,172.40"
80000230,鹏华,	000661,长春高新,48,0.49%,688.74,"311,812.90"
80000230,鹏华,	600809,山西汾酒,15,0.46%,874.47,"291,024.81"
80000230,鹏华,	000596,古井贡酒,13,0.31%,936.88,"196,903.21"
80000230,鹏华,	603345,安井食品,12,0.25%,751.73,"156,780.73"
80000230,鹏华,	603259,药明康德,32,0.21%,967.67,"135,667.24"
80092233,农银,	300750,宁德时代,15,0.69%,537.72,"173,237.32"
80092233,农银,	000733,振华科技,9,0.65%,"2,998.59","163,722.82"
80092233,农银,	300037,新宙邦,5,0.54%,"1,769.53","135,262.67"
80092233,农银,	002460,赣锋锂业,9,0.51%,"1,346.32","126,903.98"
80092233,农银,	002709,天赐材料,10,0.51%,"1,547.77","126,313.26"
80092233,农银,	603308,应流股份,7,0.49%,"4,648.01","122,382.07"
80092233,农银,	000651,格力电器,19,0.46%,"1,837.55","115,214.10"
80092233,农银,	300073,当升科技,2,0.46%,"2,416.80","114,483.64"
80092233,农银,	601012,隆基股份,9,0.45%,"1,285.40","113,114.96"
80092233,农银,	603659,璞泰来,2,0.37%,985.55,"93,627.14"
80664536,明亚,	06060,众安在线,2,4.78%,8.05,319.09
80664536,明亚,	300747,锐科激光,2,4.77%,3.90,318.59
80664536,明亚,	00700,腾讯控股,2,4.48%,0.58,299.02
80664536,明亚,	300760,迈瑞医疗,2,4.30%,0.72,287.36
80664536,明亚,	600519,贵州茅台,2,4.21%,0.14,281.26
80664536,明亚,	601012,隆基股份,2,4.08%,3.10,272.80
80664536,明亚,	002299,圣农发展,2,4.01%,10.40,267.80
80664536,明亚,	002597,金禾实业,2,3.71%,6.30,248.22
80664536,明亚,	01810,小米集团-W,2,3.68%,11.30,245.93
80664536,明亚,	600887,伊利股份,2,3.12%,5.20,208.16
80068180,诺德,	002311,海大集团,2,2.62%,877.72,"68,462.18"
80068180,诺德,	000568,泸州老窖,10,2.41%,279.38,"62,865.41"
80068180,诺德,	601012,隆基股份,5,2.34%,695.87,"61,236.60"
80068180,诺德,	300595,欧普康视,5,2.11%,611.61,"55,136.33"
80068180,诺德,	300760,迈瑞医疗,12,1.78%,116.43,"46,468.62"
80068180,诺德,	000661,长春高新,13,1.72%,99.54,"45,065.60"
80068180,诺德,	002050,三花智控,3,1.71%,"2,165.02","44,642.81"
80068180,诺德,	002920,德赛西威,2,1.58%,481.50,"41,293.80"
80068180,诺德,	000858,五 粮 液,11,1.40%,136.92,"36,690.96"
80068180,诺德,	600519,贵州茅台,8,1.12%,14.56,"29,253.85"
80106677,民生,	601888,中国中免,21,1.07%,569.75,"174,389.08"
80106677,民生,	00700,腾讯控股,13,0.87%,272.79,"140,642.08"
80106677,民生,	600845,宝信软件,17,0.84%,"2,328.46","136,051.74"
80106677,民生,	002027,分众传媒,12,0.75%,"13,193.00","122,431.04"
80106677,民生,	002352,顺丰控股,14,0.71%,"1,429.51","115,818.89"
80106677,民生,	300750,宁德时代,27,0.70%,351.95,"113,388.50"
80106677,民生,	600519,贵州茅台,24,0.61%,49.39,"99,222.90"
80106677,民生,	03690,美团-W,11,0.56%,358.24,"90,288.72"
80106677,民生,	01810,小米集团-W,8,0.51%,"3,820.00","83,136.13"
80106677,民生,	688111,金山办公,16,0.48%,240.83,"78,028.21"
80049689,诺安,	002371,北方华创,4,2.70%,"2,274.56","326,490.56"
80049689,诺安,	300782,卓胜微,3,2.69%,534.53,"325,529.87"
80049689,诺安,	688981,中芯国际,2,2.65%,"5,915.90","321,351.72"
80049689,诺安,	603501,韦尔股份,2,2.61%,"1,229.10","315,534.40"
80049689,诺安,	603986,兆易创新,2,2.49%,"1,761.12","300,939.84"
80049689,诺安,	600703,三安光电,3,2.44%,"12,689.18","295,404.02"
80049689,诺安,	600584,长电科技,2,2.33%,"8,265.87","282,610.03"
80049689,诺安,	300661,圣邦股份,5,1.90%,995.69,"230,303.07"
80049689,诺安,	688012,中微公司,2,1.64%,"1,843.55","198,199.93"
80049689,诺安,	688126,沪硅产业-U,2,1.07%,"5,520.46","129,841.30"
80560381,凯石,	600809,山西汾酒,1,4.32%,11.00,"3,660.80"
80560381,凯石,	603589,口子窖,1,2.93%,40.00,"2,480.00"
80560381,凯石,	603369,今世缘,3,2.72%,47.00,"2,305.35"
80560381,凯石,	002568,百润股份,3,2.70%,21.00,"2,289.00"
80560381,凯石,	600882,妙可蓝多,1,2.69%,40.10,"2,281.29"
80560381,凯石,	000568,泸州老窖,1,2.66%,10.00,"2,250.20"
80560381,凯石,	300751,迈为股份,1,2.60%,4.00,"2,200.00"
80560381,凯石,	002245,蔚蓝锂芯,1,2.51%,189.98,"2,125.91"
80560381,凯石,	002791,坚朗五金,3,2.25%,11.50,"1,907.05"
80560381,凯石,	002158,汉钟精机,1,2.21%,74.99,"1,875.58"
80000220,南方,	600519,贵州茅台,121,0.95%,391.95,"787,432.37"
80000220,南方,	00700,腾讯控股,45,0.70%,"1,124.00","579,489.83"
80000220,南方,	000858,五 粮 液,76,0.43%,"1,318.71","353,387.05"
80000220,南方,	300750,宁德时代,63,0.39%,"1,004.51","323,624.57"
80000220,南方,	600031,三一重工,29,0.39%,"9,382.63","320,416.65"
80000220,南方,	000333,美的集团,74,0.32%,"3,266.76","268,625.43"
80000220,南方,	601888,中国中免,50,0.27%,737.15,"225,627.36"
80000220,南方,	002271,东方雨虹,23,0.27%,"4,344.54","222,266.61"
80000220,南方,	688036,传音控股,14,0.24%,"1,018.90","201,071.13"
80000220,南方,	300760,迈瑞医疗,61,0.24%,492.12,"196,409.37"
80086876,金元顺安,	002142,宁波银行,2,0.16%,104.72,"4,071.51"
80086876,金元顺安,	601877,正泰电器,4,0.14%,99.79,"3,622.54"
80086876,金元顺安,	600519,贵州茅台,3,0.13%,1.64,"3,294.76"
80086876,金元顺安,	600809,山西汾酒,4,0.10%,7.79,"2,592.11"
80086876,金元顺安,	600258,首旅酒店,2,0.10%,92.25,"2,513.81"
80086876,金元顺安,	600926,杭州银行,3,0.08%,128.89,"2,176.95"
80086876,金元顺安,	000001,平安银行,2,0.08%,98.14,"2,160.06"
80086876,金元顺安,	600176,中国巨石,3,0.08%,112.00,"2,150.40"
80086876,金元顺安,	002508,老板电器,1,0.08%,56.66,"2,069.23"
80086876,金元顺安,	300122,智飞生物,1,0.07%,10.79,"1,861.17"
80036797,摩根士丹利,	601233,桐昆股份,3,0.73%,"1,201.39","24,808.75"
80036797,摩根士丹利,	300737,科顺股份,6,0.71%,972.28,"24,287.62"
80036797,摩根士丹利,	300760,迈瑞医疗,8,0.55%,46.91,"18,720.89"
80036797,摩根士丹利,	688202,美迪西,6,0.54%,59.19,"18,252.73"
80036797,摩根士丹利,	002597,金禾实业,1,0.53%,461.38,"18,178.40"
80036797,摩根士丹利,	600519,贵州茅台,10,0.49%,8.30,"16,674.70"
80036797,摩根士丹利,	600346,恒力石化,2,0.47%,544.50,"15,970.08"
80036797,摩根士丹利,	000100,TCL科技,3,0.46%,"1,689.33","15,778.32"
80036797,摩根士丹利,	000333,美的集团,8,0.46%,191.18,"15,721.10"
80036797,摩根士丹利,	601966,玲珑轮胎,2,0.44%,321.79,"15,059.72"
80446423,金信,	600519,贵州茅台,4,1.02%,1.66,"3,329.11"
80446423,金信,	000002,万  科Ａ,4,0.87%,94.80,"2,844.04"
80446423,金信,	600276,恒瑞医药,4,0.82%,29.12,"2,681.55"
80446423,金信,	600009,上海机场,4,0.81%,45.41,"2,629.18"
80446423,金信,	601717,郑煤机,2,0.71%,199.99,"2,297.89"
80446423,金信,	601012,隆基股份,2,0.70%,25.82,"2,272.53"
80446423,金信,	600085,同仁堂,2,0.69%,74.60,"2,234.27"
80446423,金信,	600460,士兰微,10,0.67%,90.20,"2,185.65"
80446423,金信,	603259,药明康德,2,0.67%,15.58,"2,184.40"
80446423,金信,	600763,通策医疗,5,0.67%,8.70,"2,179.95"
80384640,九泰,	002493,荣盛石化,4,3.78%,"1,322.77","35,425.68"
80384640,九泰,	300347,泰格医药,1,2.34%,146.48,"21,987.51"
80384640,九泰,	002812,恩捷股份,2,2.27%,190.23,"21,290.81"
80384640,九泰,	601021,春秋航空,2,2.16%,340.37,"20,272.23"
80384640,九泰,	300009,安科生物,2,1.98%,"1,231.72","18,586.60"
80384640,九泰,	603501,韦尔股份,6,1.95%,76.00,"18,262.75"
80384640,九泰,	002709,天赐材料,11,1.54%,177.03,"14,447.39"
80384640,九泰,	603799,华友钴业,1,1.45%,197.90,"13,603.44"
80384640,九泰,	002475,立讯精密,4,1.42%,392.89,"13,291.32"
80384640,九泰,	600438,通威股份,4,1.41%,431.30,"13,263.55"
80000245,金鹰,	300750,宁德时代,9,0.54%,86.01,"27,710.10"
80000245,金鹰,	603799,华友钴业,11,0.52%,388.71,"26,719.73"
80000245,金鹰,	688005,容百科技,10,0.51%,457.21,"26,120.69"
80000245,金鹰,	300122,智飞生物,8,0.45%,133.21,"22,978.22"
80000245,金鹰,	002460,赣锋锂业,9,0.44%,238.60,"22,490.20"
80000245,金鹰,	300274,阳光电源,5,0.30%,215.67,"15,481.13"
80000245,金鹰,	601012,隆基股份,8,0.29%,168.33,"14,813.44"
80000245,金鹰,	600019,宝钢股份,4,0.23%,"1,438.21","11,620.70"
80000245,金鹰,	002709,天赐材料,6,0.20%,126.66,"10,336.49"
80000245,金鹰,	300014,亿纬锂能,6,0.20%,135.64,"10,193.62"
80365987,嘉合,	601012,隆基股份,11,0.38%,82.89,"7,294.63"
80365987,嘉合,	002594,比亚迪,12,0.35%,41.15,"6,769.59"
80365987,嘉合,	000661,长春高新,5,0.29%,12.32,"5,577.63"
80365987,嘉合,	300014,亿纬锂能,4,0.27%,70.06,"5,265.01"
80365987,嘉合,	300750,宁德时代,4,0.22%,12.87,"4,146.33"
80365987,嘉合,	600519,贵州茅台,7,0.19%,1.82,"3,656.38"
80365987,嘉合,	601888,中国中免,5,0.16%,10.04,"3,073.04"
80365987,嘉合,	300568,星源材质,4,0.14%,98.11,"2,686.16"
80365987,嘉合,	000681,视觉中国,5,0.13%,165.87,"2,413.41"
80365987,嘉合,	000963,华东医药,3,0.07%,36.16,"1,333.58"
80065990,建信,	600519,贵州茅台,51,0.19%,46.80,"94,016.38"
80065990,建信,	000858,五 粮 液,49,0.18%,345.59,"92,610.08"
80065990,建信,	300750,宁德时代,27,0.12%,184.69,"59,502.00"
80065990,建信,	000333,美的集团,29,0.08%,463.68,"38,128.57"
80065990,建信,	002415,海康威视,20,0.06%,577.16,"32,263.18"
80065990,建信,	000002,万  科Ａ,20,0.06%,"1,021.71","30,651.36"
80065990,建信,	000651,格力电器,19,0.06%,449.75,"28,199.56"
80065990,建信,	300316,晶盛机电,7,0.06%,851.69,"28,054.70"
80065990,建信,	601012,隆基股份,10,0.05%,283.44,"24,942.62"
80065990,建信,	000568,泸州老窖,5,0.05%,108.42,"24,397.10"
80205264,江信,	600183,生益科技,2,0.22%,20.00,454.40
80205264,江信,	603708,家家悦,2,0.20%,20.00,414.40
80205264,江信,	600741,华域汽车,2,0.19%,14.00,385.98
80205264,江信,	601601,中国太保,2,0.19%,10.00,378.40
80205264,江信,	600066,宇通客车,2,0.18%,25.00,358.75
80205264,江信,	600887,伊利股份,2,0.16%,8.00,320.24
80205264,江信,	600529,山东药玻,2,0.16%,8.00,317.60
80205264,江信,	601318,中国平安,2,0.16%,4.00,314.80
80205264,江信,	603444,吉比特,2,0.15%,0.80,297.75
80205264,江信,	000333,美的集团,2,0.14%,3.50,287.81
80000251,景顺长城,	600519,贵州茅台,55,2.95%,628.85,"1,263,356.23"
80000251,景顺长城,	000858,五 粮 液,39,2.68%,"4,282.26","1,147,558.83"
80000251,景顺长城,	000568,泸州老窖,19,2.32%,"4,412.26","992,847.85"
80000251,景顺长城,	601888,中国中免,22,2.32%,"3,241.99","992,306.92"
80000251,景顺长城,	300760,迈瑞医疗,15,1.92%,"2,059.18","821,841.05"
80000251,景顺长城,	603259,药明康德,7,1.45%,"4,422.56","620,042.23"
80000251,景顺长城,	00700,腾讯控股,19,1.28%,"1,066.99","550,097.25"
80000251,景顺长城,	002311,海大集团,25,1.09%,"6,010.27","468,800.69"
80000251,景顺长城,	603899,晨光文具,8,0.91%,"4,559.95","389,465.10"
80000251,景顺长城,	000596,古井贡酒,4,0.71%,"1,450.52","304,855.85"
80975669,华融,	600276,恒瑞医药,1,0.02%,0.90,82.88
80975669,华融,	601658,邮储银行,1,0.02%,12.00,70.44
80975669,华融,	601628,中国人寿,1,0.01%,1.90,60.46
80975669,华融,	600519,贵州茅台,1,0.01%,0.03,60.27
80975669,华融,	600887,伊利股份,1,0.01%,1.50,60.05
80975669,华融,	600741,华域汽车,1,0.01%,2.00,55.14
80975669,华融,	300529,健帆生物,1,0.01%,0.70,53.20
80975669,华融,	600036,招商银行,1,0.01%,1.00,51.10
80975669,华融,	600900,长江电力,1,0.01%,2.20,47.17
80975669,华融,	600585,海螺水泥,1,0.01%,0.90,46.10
80924817,惠升,	00700,腾讯控股,4,0.57%,23.10,"11,909.43"
80924817,惠升,	01801,信达生物,5,0.47%,148.20,"9,876.41"
80924817,惠升,	002142,宁波银行,6,0.41%,221.21,"8,600.68"
80924817,惠升,	603259,药明康德,3,0.39%,58.63,"8,219.65"
80924817,惠升,	002352,顺丰控股,4,0.35%,90.51,"7,333.12"
80924817,惠升,	600519,贵州茅台,6,0.35%,3.62,"7,272.78"
80924817,惠升,	300760,迈瑞医疗,1,0.34%,17.94,"7,160.03"
80924817,惠升,	00388,香港交易所,4,0.34%,18.42,"7,120.90"
80924817,惠升,	000516,国际医学,1,0.32%,483.60,"6,683.35"
80924817,惠升,	01299,友邦保险,4,0.27%,71.32,"5,684.24"
80064562,交银,	002493,荣盛石化,31,1.84%,"24,288.87","666,402.48"
80064562,交银,	002415,海康威视,13,1.83%,"11,820.07","660,741.63"
80064562,交银,	300408,三环集团,14,1.40%,"12,110.03","507,167.95"
80064562,交银,	002049,紫光国微,18,1.34%,"4,513.21","482,868.46"
80064562,交银,	002352,顺丰控股,11,1.33%,"5,940.26","481,279.98"
80064562,交银,	002271,东方雨虹,31,1.30%,"9,152.68","468,251.31"
80064562,交银,	002841,视源股份,7,1.03%,"2,846.68","370,979.88"
80064562,交银,	603517,绝味食品,9,1.01%,"4,719.34","363,389.50"
80064562,交银,	600519,贵州茅台,37,0.86%,155.48,"312,367.16"
80064562,交银,	300413,芒果超媒,7,0.85%,"5,308.09","308,506.36"
80560396,合煦智远,	300059,东方财富,2,4.01%,35.58,969.91
80560396,合煦智远,	601318,中国平安,2,3.56%,10.94,860.59
80560396,合煦智远,	02333,长城汽车,2,3.33%,44.25,805.95
80560396,合煦智远,	02357,中航科工,2,3.12%,171.60,755.62
80560396,合煦智远,	600570,恒生电子,2,3.10%,8.93,750.28
80560396,合煦智远,	002410,广联达,2,2.67%,9.73,645.66
80560396,合煦智远,	600588,用友网络,2,2.62%,17.78,634.92
80560396,合煦智远,	600031,三一重工,2,1.82%,12.88,439.85
80560396,合煦智远,	601838,成都银行,4,1.77%,38.12,429.25
80560396,合煦智远,	300751,迈为股份,2,1.75%,0.77,423.50
80560379,弘毅远方,	000333,美的集团,2,4.74%,58.05,"4,773.45"
80560379,弘毅远方,	600276,恒瑞医药,2,3.67%,40.17,"3,699.07"
80560379,弘毅远方,	300750,宁德时代,1,3.29%,10.29,"3,315.13"
80560379,弘毅远方,	601012,隆基股份,2,2.87%,32.88,"2,893.44"
80560379,弘毅远方,	600031,三一重工,1,2.05%,60.49,"2,065.73"
80560379,弘毅远方,	002714,牧原股份,2,1.97%,19.86,"1,986.80"
80560379,弘毅远方,	300059,东方财富,1,1.83%,67.53,"1,840.76"
80560379,弘毅远方,	002415,海康威视,3,1.68%,30.26,"1,691.53"
80560379,弘毅远方,	300760,迈瑞医疗,1,1.65%,4.16,"1,660.30"
80560379,弘毅远方,	002475,立讯精密,1,1.47%,43.68,"1,477.69"
80560380,恒越,	600519,贵州茅台,8,6.41%,18.49,"37,142.79"
80560380,恒越,	000799,酒鬼酒,8,5.75%,218.72,"33,280.36"
80560380,恒越,	000568,泸州老窖,8,5.50%,141.67,"31,877.53"
80560380,恒越,	000858,五 粮 液,8,5.44%,117.62,"31,520.83"
80560380,恒越,	603486,科沃斯,8,5.41%,229.72,"31,357.15"
80560380,恒越,	601888,中国中免,8,4.99%,94.36,"28,881.92"
80560380,恒越,	600809,山西汾酒,8,4.79%,83.29,"27,718.75"
80560380,恒越,	688202,美迪西,8,3.43%,64.50,"19,890.79"
80560380,恒越,	06098,碧桂园服务,6,2.35%,204.60,"13,626.36"
80560380,恒越,	002991,甘源食品,4,1.73%,121.44,"10,004.23"
80508384,恒生前海,	00700,腾讯控股,5,1.20%,7.83,"4,036.83"
80508384,恒生前海,	01810,小米集团-W,5,0.91%,141.26,"3,073.89"
80508384,恒生前海,	03690,美团-W,1,0.65%,8.62,"2,172.50"
80508384,恒生前海,	02382,舜宇光学科技,1,0.49%,10.95,"1,639.98"
80508384,恒生前海,	02020,安踏体育,1,0.42%,13.10,"1,403.93"
80508384,恒生前海,	02331,李宁,1,0.40%,31.95,"1,363.63"
80508384,恒生前海,	02269,药明生物,1,0.40%,16.35,"1,345.28"
80508384,恒生前海,	00291,华润啤酒,1,0.39%,25.60,"1,318.66"
80508384,恒生前海,	02319,蒙牛乳业,1,0.37%,33.20,"1,248.65"
80508384,恒生前海,	02013,微盟集团,1,0.34%,78.80,"1,157.57"
80498278,汇安,	600519,贵州茅台,35,0.97%,15.44,"31,027.60"
80498278,汇安,	601012,隆基股份,13,0.51%,184.49,"16,234.75"
80498278,汇安,	300750,宁德时代,9,0.40%,40.30,"12,983.45"
80498278,汇安,	601318,中国平安,21,0.38%,155.22,"12,215.81"
80498278,汇安,	600036,招商银行,19,0.38%,237.23,"12,122.45"
80498278,汇安,	000651,格力电器,9,0.37%,191.65,"12,016.14"
80498278,汇安,	600882,妙可蓝多,8,0.36%,206.01,"11,720.14"
80498278,汇安,	002812,恩捷股份,3,0.36%,104.61,"11,707.96"
80498278,汇安,	300014,亿纬锂能,5,0.35%,150.72,"11,326.95"
80498278,汇安,	600438,通威股份,6,0.35%,340.38,"11,144.04"
80523667,华泰保兴,	600426,华鲁恒升,5,0.54%,338.69,"12,717.84"
80523667,华泰保兴,	002867,周大生,7,0.51%,344.18,"12,039.47"
80523667,华泰保兴,	600166,福田汽车,7,0.49%,"2,860.88","11,529.37"
80523667,华泰保兴,	002859,洁美科技,7,0.47%,344.54,"10,990.79"
80523667,华泰保兴,	688002,睿创微纳,6,0.44%,118.27,"10,490.47"
80523667,华泰保兴,	002493,荣盛石化,5,0.44%,373.84,"10,295.63"
80523667,华泰保兴,	600519,贵州茅台,11,0.36%,4.29,"8,618.61"
80523667,华泰保兴,	600036,招商银行,11,0.34%,158.19,"8,083.51"
80523667,华泰保兴,	300122,智飞生物,3,0.34%,46.58,"8,035.31"
80523667,华泰保兴,	603799,华友钴业,3,0.33%,112.35,"7,723.03"
80092743,华融证券,	601939,建设银行,2,0.19%,52.42,332.34
80092743,华融证券,	600519,贵州茅台,1,0.11%,0.18,199.98
80092743,华融证券,	600900,长江电力,2,0.10%,10.67,184.48
80092743,华融证券,	600030,中信证券,1,0.10%,8.00,177.28
80092743,华融证券,	600380,健康元,1,0.10%,15.00,171.90
80092743,华融证券,	601398,工商银行,2,0.09%,31.85,164.03
80092743,华融证券,	600887,伊利股份,1,0.08%,4.50,134.37
80092743,华融证券,	600009,上海机场,2,0.07%,2.06,125.27
80092743,华融证券,	600276,恒瑞医药,1,0.07%,1.30,119.64
80092743,华融证券,	600741,华域汽车,1,0.07%,5.50,118.47
80385906,红土创新,	600900,长江电力,6,0.59%,229.43,"4,918.89"
80385906,红土创新,	300014,亿纬锂能,3,0.55%,61.53,"4,623.98"
80385906,红土创新,	002027,分众传媒,2,0.50%,455.19,"4,224.20"
80385906,红土创新,	300408,三环集团,2,0.43%,86.12,"3,606.71"
80385906,红土创新,	603678,火炬电子,3,0.37%,54.41,"3,129.12"
80385906,红土创新,	002484,江海股份,2,0.36%,205.11,"2,984.31"
80385906,红土创新,	601012,隆基股份,1,0.33%,31.07,"2,734.16"
80385906,红土创新,	002139,拓邦股份,2,0.32%,241.25,"2,665.81"
80385906,红土创新,	300568,星源材质,2,0.32%,96.45,"2,640.79"
80385906,红土创新,	002049,紫光国微,2,0.30%,23.77,"2,543.15"
80000223,嘉实,	600519,贵州茅台,53,0.81%,293.16,"588,953.62"
80000223,嘉实,	300760,迈瑞医疗,33,0.60%,"1,093.45","436,407.83"
80000223,嘉实,	600036,招商银行,55,0.56%,"8,007.13","409,164.51"
80000223,嘉实,	03690,美团-W,24,0.50%,"1,438.68","362,594.62"
80000223,嘉实,	00700,腾讯控股,22,0.45%,633.38,"326,545.27"
80000223,嘉实,	601166,兴业银行,49,0.45%,"13,505.82","325,355.15"
80000223,嘉实,	002410,广联达,23,0.44%,"4,830.25","320,680.54"
80000223,嘉实,	000002,万  科Ａ,43,0.44%,"10,654.29","319,628.62"
80000223,嘉实,	300012,华测检测,20,0.42%,"10,609.29","302,364.78"
80000223,嘉实,	300496,中科创达,24,0.39%,"2,309.48","281,409.88"
80205263,红塔红土,	600519,贵州茅台,17,0.90%,2.52,"5,062.68"
80205263,红塔红土,	601318,中国平安,10,0.73%,51.80,"4,076.66"
80205263,红塔红土,	000002,万  科Ａ,9,0.55%,102.88,"3,086.40"
80205263,红塔红土,	600036,招商银行,7,0.54%,59.40,"3,035.34"
80205263,红塔红土,	000963,华东医药,7,0.51%,77.26,"2,849.28"
80205263,红塔红土,	000001,平安银行,10,0.48%,122.24,"2,690.50"
80205263,红塔红土,	000858,五 粮 液,8,0.42%,8.71,"2,334.11"
80205263,红塔红土,	601229,上海银行,3,0.33%,210.25,"1,848.07"
80205263,红塔红土,	002311,海大集团,3,0.33%,23.50,"1,833.00"
80205263,红塔红土,	601688,华泰证券,3,0.28%,94.14,"1,596.61"
80053204,华商,	300750,宁德时代,23,1.79%,256.67,"82,691.95"
80053204,华商,	600519,贵州茅台,20,1.63%,37.53,"75,405.40"
80053204,华商,	300122,智飞生物,22,1.53%,409.68,"70,665.65"
80053204,华商,	300014,亿纬锂能,20,1.48%,913.64,"68,659.69"
80053204,华商,	601899,紫金矿业,15,1.38%,"6,644.70","63,922.02"
80053204,华商,	000858,五 粮 液,14,1.37%,237.51,"63,647.96"
80053204,华商,	300450,先导智能,12,1.13%,661.58,"52,258.16"
80053204,华商,	002756,永兴材料,9,0.98%,973.39,"45,204.30"
80053204,华商,	601888,中国中免,16,0.93%,140.14,"42,895.31"
80053204,华商,	000568,泸州老窖,12,0.87%,179.79,"40,455.27"
80424273,泓德,	601012,隆基股份,21,3.99%,"5,214.75","457,839.08"
80424273,泓德,	600276,恒瑞医药,13,3.92%,"4,884.91","449,851.60"
80424273,泓德,	300124,汇川技术,14,3.60%,"4,836.96","413,608.75"
80424273,泓德,	002841,视源股份,8,3.59%,"3,165.50","412,527.71"
80424273,泓德,	601318,中国平安,20,2.16%,"3,159.00","248,613.06"
80424273,泓德,	002410,广联达,8,2.14%,"3,706.12","246,049.32"
80424273,泓德,	002595,豪迈科技,6,1.93%,"7,517.21","221,381.97"
80424273,泓德,	300251,光线传媒,8,1.80%,"17,294.86","207,192.38"
80424273,泓德,	02382,舜宇光学科技,6,1.64%,"1,255.64","188,056.43"
80424273,泓德,	300750,宁德时代,17,1.57%,560.02,"180,420.58"
80000228,华安,	600036,招商银行,30,0.79%,"7,285.80","372,304.44"
80000228,华安,	600519,贵州茅台,33,0.77%,181.15,"363,937.78"
80000228,华安,	00700,腾讯控股,18,0.75%,687.33,"354,359.72"
80000228,华安,	601888,中国中免,35,0.57%,872.68,"267,109.71"
80000228,华安,	300750,宁德时代,11,0.46%,665.20,"214,305.97"
80000228,华安,	002142,宁波银行,23,0.43%,"5,218.37","202,890.28"
80000228,华安,	002415,海康威视,22,0.42%,"3,532.85","197,486.26"
80000228,华安,	002475,立讯精密,16,0.42%,"5,787.33","195,785.36"
80000228,华安,	002027,分众传媒,17,0.41%,"20,998.97","194,870.45"
80000228,华安,	300059,东方财富,14,0.39%,"6,710.35","182,924.20"
80000064,华安证券,	300692,中环环保,3,0.83%,31.81,635.46
80000064,华安证券,	300197,节能铁汉,3,0.61%,138.93,468.18
80000064,华安证券,	603012,创力集团,3,0.01%,1.00,5.81
80067635,汇丰晋信,	300751,迈为股份,4,2.07%,153.78,"84,577.24"
80067635,汇丰晋信,	000830,鲁西化工,4,1.85%,"4,869.96","75,630.49"
80067635,汇丰晋信,	002497,雅化集团,4,1.60%,"3,824.85","65,634.46"
80067635,汇丰晋信,	601318,中国平安,10,1.34%,695.58,"54,742.52"
80067635,汇丰晋信,	300750,宁德时代,8,1.32%,168.24,"54,202.75"
80067635,汇丰晋信,	002466,天齐锂业,3,1.05%,"1,139.03","43,032.52"
80067635,汇丰晋信,	688006,杭可科技,4,0.91%,603.63,"37,183.60"
80067635,汇丰晋信,	603799,华友钴业,2,0.83%,495.64,"34,069.98"
80067635,汇丰晋信,	00700,腾讯控股,4,0.80%,63.22,"32,595.44"
80067635,汇丰晋信,	603993,洛阳钼业,1,0.70%,"5,448.20","28,766.50"
80000250,华宝,	600030,中信证券,5,0.95%,"13,852.19","330,928.84"
80000250,华宝,	300059,东方财富,1,0.87%,"11,047.93","301,166.48"
80000250,华宝,	601688,华泰证券,3,0.48%,"9,784.57","165,946.35"
80000250,华宝,	600036,招商银行,21,0.47%,"3,191.13","163,066.65"
80000250,华宝,	601166,兴业银行,15,0.41%,"5,918.93","142,587.06"
80000250,华宝,	600837,海通证券,3,0.39%,"12,352.86","136,746.18"
80000250,华宝,	601211,国泰君安,3,0.34%,"7,208.40","117,064.34"
80000250,华宝,	600999,招商证券,3,0.34%,"5,940.47","116,730.26"
80000250,华宝,	002415,海康威视,14,0.32%,"2,001.15","111,864.12"
80000250,华宝,	300760,迈瑞医疗,8,0.27%,233.44,"93,169.36"
80391977,华泰证券(上海),	600519,贵州茅台,5,0.82%,8.19,"16,449.29"
80391977,华泰证券(上海),	000333,美的集团,4,0.76%,186.34,"15,323.03"
80391977,华泰证券(上海),	000858,五 粮 液,3,0.47%,35.43,"9,495.47"
80391977,华泰证券(上海),	300760,迈瑞医疗,2,0.47%,23.70,"9,458.91"
80391977,华泰证券(上海),	603259,药明康德,2,0.41%,58.86,"8,252.38"
80391977,华泰证券(上海),	000661,长春高新,4,0.37%,16.42,"7,433.01"
80391977,华泰证券(上海),	300750,宁德时代,2,0.34%,21.41,"6,897.43"
80391977,华泰证券(上海),	00700,腾讯控股,2,0.29%,11.20,"5,774.27"
80391977,华泰证券(上海),	300450,先导智能,2,0.28%,71.47,"5,645.42"
80391977,华泰证券(上海),	603218,日月股份,2,0.26%,155.59,"5,171.37"
80053708,汇添富,	600519,贵州茅台,102,1.83%,804.39,"1,616,022.52"
80053708,汇添富,	000858,五 粮 液,88,1.42%,"4,672.46","1,252,125.00"
80053708,汇添富,	601888,中国中免,79,1.34%,"3,853.03","1,179,334.41"
80053708,汇添富,	00700,腾讯控股,42,1.06%,"1,819.98","938,308.52"
80053708,汇添富,	603259,药明康德,64,0.81%,"5,101.02","715,163.56"
80053708,汇添富,	600036,招商银行,38,0.72%,"12,370.28","632,121.45"
80053708,汇添富,	000568,泸州老窖,32,0.69%,"2,722.76","612,674.58"
80053708,汇添富,	600809,山西汾酒,26,0.65%,"1,720.81","572,686.57"
80053708,汇添富,	300760,迈瑞医疗,36,0.50%,"1,113.80","444,529.36"
80053708,汇添富,	002415,海康威视,31,0.41%,"6,458.40","361,024.54"
80201857,华宸未来,	603456,九洲药业,1,1.54%,4.50,172.04
80201857,华宸未来,	000301,东方盛虹,1,1.52%,12.00,169.44
80201857,华宸未来,	600690,海尔智家,1,1.39%,5.00,155.90
80201857,华宸未来,	603308,应流股份,1,1.34%,5.70,150.08
80201857,华宸未来,	603501,韦尔股份,1,1.13%,0.49,125.79
80201857,华宸未来,	600519,贵州茅台,1,1.08%,0.06,120.54
80201857,华宸未来,	600380,健康元,1,1.03%,9.00,115.38
80201857,华宸未来,	002304,洋河股份,1,1.03%,0.70,115.29
80201857,华宸未来,	300841,康华生物,1,0.91%,0.27,101.79
80201857,华宸未来,	000830,鲁西化工,1,0.83%,6.00,93.18
80037023,华富,	300363,博腾股份,6,0.30%,365.99,"19,327.80"
80037023,华富,	002415,海康威视,7,0.29%,329.46,"18,416.61"
80037023,华富,	603939,益丰药房,9,0.26%,183.66,"16,290.67"
80037023,华富,	000830,鲁西化工,8,0.25%,"1,025.51","15,926.17"
80037023,华富,	603986,兆易创新,9,0.22%,82.91,"14,167.80"
80037023,华富,	002153,石基信息,5,0.17%,375.55,"11,090.03"
80037023,华富,	603158,腾龙股份,4,0.15%,584.13,"9,830.98"
80037023,华富,	601899,紫金矿业,9,0.14%,933.11,"8,976.52"
80037023,华富,	000526,学大教育,3,0.10%,178.30,"6,313.69"
80037023,华富,	300750,宁德时代,6,0.10%,19.46,"6,269.43"
80000246,海富通,	600519,贵州茅台,40,0.85%,54.89,"110,265.37"
80000246,海富通,	600521,华海药业,8,0.49%,"2,480.45","63,772.25"
80000246,海富通,	600887,伊利股份,11,0.45%,"1,473.68","58,991.54"
80000246,海富通,	600570,恒生电子,8,0.45%,692.48,"58,168.48"
80000246,海富通,	300408,三环集团,10,0.36%,"1,119.48","46,883.69"
80000246,海富通,	600309,万华化学,13,0.34%,419.18,"44,265.90"
80000246,海富通,	601818,光大银行,4,0.34%,"10,704.14","43,672.87"
80000246,海富通,	600031,三一重工,24,0.32%,"1,223.47","41,781.64"
80000246,海富通,	300702,天宇股份,9,0.31%,424.40,"40,743.24"
80000246,海富通,	002541,鸿路钢构,4,0.31%,816.59,"40,233.30"
80199117,华润,	601318,中国平安,6,0.41%,61.50,"4,839.92"
80199117,华润,	600519,贵州茅台,6,0.41%,2.39,"4,801.51"
80199117,华润,	300454,深信服,5,0.30%,14.38,"3,551.86"
80199117,华润,	300496,中科创达,5,0.28%,27.00,"3,289.95"
80199117,华润,	600036,招商银行,6,0.27%,61.88,"3,161.94"
80199117,华润,	601166,兴业银行,8,0.26%,129.36,"3,116.40"
80199117,华润,	688536,思瑞浦,5,0.26%,8.50,"3,066.80"
80199117,华润,	688023,安恒信息,5,0.23%,10.20,"2,696.62"
80199117,华润,	601939,建设银行,4,0.23%,363.56,"2,672.16"
80199117,华润,	000001,平安银行,2,0.19%,101.53,"2,234.68"
80000222,华夏,	600519,贵州茅台,59,1.74%,727.38,"1,461,303.61"
80000222,华夏,	000858,五 粮 液,45,0.88%,"2,760.28","739,699.46"
80000222,华夏,	601318,中国平安,31,0.80%,"8,571.65","674,588.97"
80000222,华夏,	601888,中国中免,42,0.74%,"2,016.37","617,171.08"
80000222,华夏,	300750,宁德时代,50,0.68%,"1,770.46","570,388.16"
80000222,华夏,	600036,招商银行,33,0.66%,"10,888.27","556,390.44"
80000222,华夏,	00700,腾讯控股,33,0.65%,"1,064.51","548,819.28"
80000222,华夏,	002304,洋河股份,14,0.49%,"2,499.03","411,458.27"
80000222,华夏,	300782,卓胜微,20,0.47%,655.39,"394,768.49"
80000222,华夏,	000333,美的集团,30,0.36%,"3,693.99","303,756.63"
80156175,国泰君安资管,	600352,浙江龙盛,3,4.98%,"8,000.00","115,840.00"
80156175,国泰君安资管,	002690,美亚光电,5,4.39%,"2,414.27","102,099.56"
80156175,国泰君安资管,	002250,联化科技,3,3.02%,"2,830.00","70,155.70"
80156175,国泰君安资管,	300724,捷佳伟创,3,2.13%,456.09,"49,408.23"
80156175,国泰君安资管,	300369,绿盟科技,3,1.98%,"2,689.60","46,072.85"
80156175,国泰君安资管,	000860,顺鑫农业,6,1.91%,948.20,"44,498.96"
80156175,国泰君安资管,	601668,中国建筑,3,1.89%,"8,480.00","44,011.20"
80156175,国泰君安资管,	601128,常熟银行,3,1.80%,"5,517.34","41,931.78"
80156175,国泰君安资管,	601318,中国平安,7,1.40%,412.83,"32,489.72"
80156175,国泰君安资管,	000799,酒鬼酒,3,1.40%,213.24,"32,446.99"
80055334,华泰柏瑞,	600519,贵州茅台,52,2.08%,191.72,"385,157.24"
80055334,华泰柏瑞,	000858,五 粮 液,48,1.49%,"1,031.53","276,428.69"
80055334,华泰柏瑞,	601318,中国平安,22,1.15%,"2,719.03","213,987.89"
80055334,华泰柏瑞,	600036,招商银行,24,0.79%,"2,880.64","147,200.45"
80055334,华泰柏瑞,	600438,通威股份,7,0.69%,"3,913.38","128,124.04"
80055334,华泰柏瑞,	601888,中国中免,24,0.66%,398.54,"121,984.54"
80055334,华泰柏瑞,	601012,隆基股份,9,0.61%,"1,274.86","112,187.64"
80055334,华泰柏瑞,	300347,泰格医药,22,0.56%,692.35,"103,928.19"
80055334,华泰柏瑞,	300274,阳光电源,6,0.53%,"1,376.55","98,808.79"
80055334,华泰柏瑞,	000333,美的集团,17,0.52%,"1,168.30","96,069.09"
80355783,国寿安保,	000858,五 粮 液,17,0.16%,134.63,"36,077.26"
80355783,国寿安保,	600519,贵州茅台,25,0.15%,17.57,"35,290.70"
80355783,国寿安保,	601318,中国平安,27,0.14%,423.95,"33,365.21"
80355783,国寿安保,	000651,格力电器,27,0.14%,508.95,"31,910.98"
80355783,国寿安保,	600036,招商银行,20,0.10%,451.62,"23,077.66"
80355783,国寿安保,	600276,恒瑞医药,20,0.10%,240.29,"22,128.05"
80355783,国寿安保,	002056,横店东磁,11,0.08%,"1,201.15","18,185.41"
80355783,国寿安保,	000333,美的集团,17,0.08%,219.14,"18,019.69"
80355783,国寿安保,	600031,三一重工,17,0.07%,497.09,"16,975.73"
80355783,国寿安保,	002706,良信股份,9,0.07%,541.13,"16,683.15"
80548351,格林,	600519,贵州茅台,10,0.43%,2.97,"5,966.73"
80548351,格林,	000651,格力电器,8,0.39%,87.45,"5,483.12"
80548351,格林,	600309,万华化学,10,0.38%,49.70,"5,248.34"
80548351,格林,	601318,中国平安,8,0.37%,66.14,"5,205.22"
80548351,格林,	000002,万  科Ａ,10,0.31%,141.44,"4,243.20"
80548351,格林,	000858,五 粮 液,8,0.30%,15.48,"4,148.33"
80548351,格林,	000333,美的集团,8,0.27%,45.04,"3,703.59"
80548351,格林,	600036,招商银行,6,0.19%,52.82,"2,699.10"
80548351,格林,	600887,伊利股份,6,0.19%,67.28,"2,693.02"
80548351,格林,	000895,双汇发展,6,0.15%,49.54,"2,031.20"
80048088,光大保德信,	000661,长春高新,18,0.44%,88.84,"40,222.62"
80048088,光大保德信,	000858,五 粮 液,18,0.37%,125.02,"33,503.66"
80048088,光大保德信,	601398,工商银行,19,0.28%,"4,691.07","25,988.51"
80048088,光大保德信,	600519,贵州茅台,10,0.26%,12.04,"24,188.36"
80048088,光大保德信,	603259,药明康德,13,0.24%,158.06,"22,160.33"
80048088,光大保德信,	601888,中国中免,14,0.24%,72.25,"22,112.93"
80048088,光大保德信,	601966,玲珑轮胎,4,0.23%,454.18,"21,255.68"
80048088,光大保德信,	601166,兴业银行,11,0.23%,867.49,"20,897.81"
80048088,光大保德信,	603690,至纯科技,9,0.20%,594.26,"18,315.08"
80048088,光大保德信,	603337,杰克股份,4,0.20%,526.00,"17,941.93"
80560389,国融,	600519,贵州茅台,8,5.84%,0.34,683.06
80560389,国融,	601006,大秦铁路,6,4.46%,74.43,521.75
80560389,国融,	600886,国投电力,6,4.43%,52.27,519.04
80560389,国融,	600585,海螺水泥,6,4.35%,9.95,509.70
80560389,国融,	600048,保利地产,6,4.33%,35.59,506.45
80560389,国融,	600377,宁沪高速,6,4.31%,50.73,504.76
80560389,国融,	600170,上海建工,6,4.28%,165.31,500.89
80560389,国融,	600373,中文传媒,6,4.27%,47.27,499.64
80560389,国融,	601398,工商银行,6,4.22%,89.19,494.11
80560389,国融,	601318,中国平安,4,2.85%,4.24,333.69
80280039,国开泰富,	000651,格力电器,2,0.19%,0.30,18.81
80280039,国开泰富,	000400,许继电气,2,0.19%,1.20,18.48
80280039,国开泰富,	601688,华泰证券,2,0.12%,0.70,11.87
80280039,国开泰富,	600398,海澜之家,2,0.11%,1.50,10.80
80280039,国开泰富,	300059,东方财富,2,0.08%,0.30,8.18
80280039,国开泰富,	601318,中国平安,2,0.08%,0.10,7.87
80280039,国开泰富,	000002,万  科Ａ,2,0.06%,0.20,6.00
80280039,国开泰富,	600900,长江电力,2,0.04%,0.20,4.29
80280039,国开泰富,	603833,欧派家居,2,0.03%,0.02,3.15
80280039,国开泰富,	002311,海大集团,2,0.03%,0.04,3.12
80102419,国金,	002415,海康威视,9,0.28%,176.17,"9,848.04"
80102419,国金,	002352,顺丰控股,7,0.21%,90.51,"7,333.11"
80102419,国金,	300750,宁德时代,7,0.20%,21.91,"7,059.87"
80102419,国金,	601012,隆基股份,6,0.14%,55.79,"4,909.52"
80102419,国金,	600690,海尔智家,6,0.13%,151.65,"4,728.41"
80102419,国金,	00175,吉利汽车,2,0.13%,265.70,"4,441.88"
80102419,国金,	600887,伊利股份,6,0.12%,108.52,"4,344.21"
80102419,国金,	00700,腾讯控股,2,0.12%,8.14,"4,196.66"
80102419,国金,	688002,睿创微纳,4,0.11%,44.43,"3,940.72"
80102419,国金,	02500,启明医疗-B,2,0.11%,72.60,"3,868.75"
80000095,国都,	600519,贵州茅台,1,2.39%,0.05,100.45
80000095,国都,	000568,泸州老窖,2,2.15%,0.40,90.01
80000095,国都,	600763,通策医疗,2,2.09%,0.35,87.68
80000095,国都,	002463,沪电股份,1,2.07%,5.20,87.05
80000095,国都,	601318,中国平安,1,2.06%,1.10,86.57
80000095,国都,	000100,TCL科技,1,2.00%,9.00,84.06
80000095,国都,	601398,工商银行,1,1.98%,15.00,83.10
80000095,国都,	600258,首旅酒店,1,1.95%,3.00,81.75
80000095,国都,	000858,五 粮 液,1,1.79%,0.28,75.03
80000095,国都,	300347,泰格医药,2,1.72%,0.48,72.05
80043374,国联安,	300782,卓胜微,4,2.02%,191.92,"116,880.25"
80043374,国联安,	603986,兆易创新,4,1.95%,658.76,"112,568.31"
80043374,国联安,	002371,北方华创,6,1.31%,525.78,"75,469.82"
80043374,国联安,	002049,紫光国微,2,1.28%,693.27,"74,172.89"
80043374,国联安,	600584,长电科技,1,1.08%,"1,834.04","62,705.66"
80043374,国联安,	300661,圣邦股份,4,0.92%,228.74,"52,908.21"
80043374,国联安,	688008,澜起科技,1,0.77%,728.01,"44,554.00"
80043374,国联安,	002185,华天科技,1,0.72%,"3,569.28","41,689.25"
80043374,国联安,	603160,汇顶科技,1,0.71%,368.07,"41,245.55"
80043374,国联安,	688012,中微公司,1,0.65%,350.17,"37,646.83"
80357951,广发资产管理,	601339,百隆东方,6,2.70%,"4,373.13","19,635.37"
80357951,广发资产管理,	002154,报 喜 鸟,6,2.60%,"5,410.64","18,937.22"
80357951,广发资产管理,	00700,腾讯控股,5,2.55%,35.95,"18,534.38"
80357951,广发资产管理,	01999,敏华控股,4,1.91%,"1,021.08","13,907.11"
80357951,广发资产管理,	603339,四方科技,6,1.83%,"1,391.49","13,330.45"
80357951,广发资产管理,	600690,海尔智家,2,1.78%,415.60,"12,958.44"
80357951,广发资产管理,	000333,美的集团,2,1.50%,133.04,"10,940.07"
80357951,广发资产管理,	600519,贵州茅台,4,1.40%,5.08,"10,201.10"
80357951,广发资产管理,	601012,隆基股份,1,0.95%,79.00,"6,952.00"
80357951,广发资产管理,	603589,口子窖,6,0.93%,109.33,"6,778.46"
80000233,国投瑞银,	002541,鸿路钢构,11,0.66%,"1,447.80","71,333.17"
80000233,国投瑞银,	600038,中直股份,1,0.63%,"1,353.13","68,414.44"
80000233,国投瑞银,	600760,中航沈飞,1,0.60%,"1,007.14","65,373.51"
80000233,国投瑞银,	002013,中航机电,1,0.58%,"6,437.15","62,697.86"
80000233,国投瑞银,	600893,航发动力,1,0.57%,"1,355.35","61,790.23"
80000233,国投瑞银,	002078,太阳纸业,15,0.55%,"3,817.63","60,013.20"
80000233,国投瑞银,	600372,中航电子,1,0.54%,"3,855.65","58,181.83"
80000233,国投瑞银,	002375,亚厦股份,10,0.52%,"6,565.14","56,985.39"
80000233,国投瑞银,	600967,内蒙一机,1,0.51%,"5,639.42","55,661.08"
80000233,国投瑞银,	300777,中简科技,1,0.46%,"1,164.56","50,076.23"
80044515,国海,	601166,兴业银行,21,1.93%,"5,118.70","123,309.40"
80044515,国海,	601966,玲珑轮胎,7,1.71%,"2,329.38","109,014.90"
80044515,国海,	00700,腾讯控股,7,1.65%,203.50,"104,918.69"
80044515,国海,	002648,卫星石化,13,1.44%,"2,429.01","91,500.71"
80044515,国海,	002142,宁波银行,17,1.39%,"2,283.53","88,783.78"
80044515,国海,	600036,招商银行,18,1.32%,"1,650.93","84,362.61"
80044515,国海,	000338,潍柴动力,12,1.24%,"4,115.38","79,179.87"
80044515,国海,	002044,美年健康,5,1.00%,"4,133.35","63,736.29"
80044515,国海,	000651,格力电器,10,0.76%,774.38,"48,553.91"
80044515,国海,	603899,晨光文具,11,0.74%,555.03,"47,404.74"
80064225,工银,	002415,海康威视,51,0.59%,"6,996.49","391,103.61"
80064225,工银,	000858,五 粮 液,60,0.46%,"1,143.18","306,349.86"
80064225,工银,	300750,宁德时代,36,0.43%,892.30,"287,472.03"
80064225,工银,	603259,药明康德,37,0.43%,"2,020.68","283,298.68"
80064225,工银,	00700,腾讯控股,25,0.40%,519.54,"267,855.90"
80064225,工银,	002142,宁波银行,31,0.29%,"4,980.05","193,624.24"
80064225,工银,	600036,招商银行,30,0.24%,"3,174.57","162,220.47"
80064225,工银,	600887,伊利股份,23,0.24%,"3,971.81","158,991.39"
80064225,工银,	600519,贵州茅台,51,0.22%,72.71,"146,079.61"
80064225,工银,	300363,博腾股份,10,0.20%,"2,488.74","131,430.31"
80174741,方正富邦,	601318,中国平安,11,1.37%,524.35,"41,266.16"
80174741,方正富邦,	601601,中国太保,1,1.07%,851.14,"32,207.09"
80174741,方正富邦,	600036,招商银行,9,0.84%,495.30,"25,310.04"
80174741,方正富邦,	601628,中国人寿,1,0.44%,418.19,"13,306.79"
80174741,方正富邦,	600519,贵州茅台,13,0.44%,6.62,"13,294.16"
80174741,方正富邦,	601336,新华保险,1,0.34%,209.28,"10,160.62"
80174741,方正富邦,	000001,平安银行,17,0.33%,453.88,"9,989.92"
80174741,方正富邦,	000333,美的集团,13,0.28%,102.14,"8,398.77"
80174741,方正富邦,	000002,万  科Ａ,13,0.28%,279.77,"8,393.20"
80174741,方正富邦,	000799,酒鬼酒,6,0.26%,51.13,"7,779.18"
80000224,国泰,	600030,中信证券,4,1.14%,"21,486.76","513,318.58"
80000224,国泰,	300059,东方财富,5,1.00%,"16,606.68","452,698.10"
80000224,国泰,	601688,华泰证券,4,0.56%,"14,809.40","251,167.48"
80000224,国泰,	600519,贵州茅台,34,0.48%,108.10,"217,167.88"
80000224,国泰,	600837,海通证券,2,0.46%,"18,660.41","206,570.72"
80000224,国泰,	601211,国泰君安,2,0.39%,"10,911.77","177,207.12"
80000224,国泰,	600999,招商证券,2,0.38%,"8,807.23","173,062.16"
80000224,国泰,	600036,招商银行,26,0.35%,"3,060.99","156,416.55"
80000224,国泰,	000858,五 粮 液,23,0.32%,537.90,"144,145.13"
80000224,国泰,	603501,韦尔股份,1,0.29%,509.91,"130,269.07"
80128562,富安达,	600460,士兰微,3,1.46%,450.99,"10,927.59"
80128562,富安达,	600519,贵州茅台,6,1.39%,5.18,"10,406.62"
80128562,富安达,	300613,富瀚微,3,1.26%,63.09,"9,445.50"
80128562,富安达,	600031,三一重工,4,1.06%,231.82,"7,916.53"
80128562,富安达,	002221,东华能源,4,1.05%,705.99,"7,871.80"
80128562,富安达,	002698,博实股份,2,0.97%,509.93,"7,220.66"
80128562,富安达,	002859,洁美科技,2,0.96%,224.99,"7,177.18"
80128562,富安达,	601607,上海医药,3,0.89%,339.16,"6,650.91"
80128562,富安达,	002352,顺丰控股,2,0.62%,57.00,"4,618.14"
80128562,富安达,	002353,杰瑞股份,2,0.55%,117.70,"4,113.65"
80488954,富荣,	600519,贵州茅台,6,0.70%,5.56,"11,165.22"
80488954,富荣,	600809,山西汾酒,4,0.66%,31.85,"10,599.68"
80488954,富荣,	000858,五 粮 液,6,0.65%,38.83,"10,406.25"
80488954,富荣,	603833,欧派家居,2,0.60%,60.54,"9,541.30"
80488954,富荣,	300059,东方财富,6,0.56%,331.58,"9,038.93"
80488954,富荣,	600886,国投电力,2,0.55%,888.78,"8,825.56"
80488954,富荣,	600438,通威股份,4,0.52%,256.41,"8,394.86"
80488954,富荣,	002142,宁波银行,2,0.52%,214.97,"8,358.01"
80488954,富荣,	002032,苏 泊 尔,4,0.51%,113.10,"8,092.28"
80488954,富荣,	601688,华泰证券,2,0.42%,399.12,"6,769.08"
80560383,蜂巢,	601398,工商银行,4,0.01%,32.14,178.06
80560383,蜂巢,	601939,建设银行,4,0.01%,22.76,167.29
80560383,蜂巢,	600900,长江电力,4,0.01%,7.31,156.73
80560383,蜂巢,	000157,中联重科,4,0.01%,11.66,148.20
80560383,蜂巢,	002034,旺能环境,4,0.01%,6.65,122.36
80560383,蜂巢,	601155,新城控股,4,0.00%,2.32,113.22
80560383,蜂巢,	600323,瀚蓝环境,2,0.00%,4.07,108.59
80560383,蜂巢,	002081,金 螳 螂,2,0.00%,9.75,92.24
80560383,蜂巢,	601668,中国建筑,2,0.00%,17.53,90.98
80560383,蜂巢,	601225,陕西煤业,2,0.00%,7.92,87.60
80000221,富国,	600519,贵州茅台,68,1.14%,388.65,"780,799.46"
80000221,富国,	300122,智飞生物,35,0.67%,"2,671.17","460,750.89"
80000221,富国,	000858,五 粮 液,29,0.62%,"1,596.05","427,708.76"
80000221,富国,	00700,腾讯控股,35,0.61%,810.19,"417,699.35"
80000221,富国,	601318,中国平安,31,0.56%,"4,847.26","381,479.66"
80000221,富国,	603501,韦尔股份,35,0.50%,"1,332.72","340,867.98"
80000221,富国,	600887,伊利股份,26,0.45%,"7,755.25","310,442.64"
80000221,富国,	002142,宁波银行,31,0.45%,"7,884.73","306,558.22"
80000221,富国,	601888,中国中免,40,0.45%,997.00,"305,161.24"
80000221,富国,	300760,迈瑞医疗,25,0.35%,599.32,"239,196.00"
80000068,方正证券,	000858,五 粮 液,4,4.86%,65.98,"17,681.80"
80000068,方正证券,	600519,贵州茅台,2,4.10%,7.43,"14,928.08"
80000068,方正证券,	601012,隆基股份,2,2.64%,109.24,"9,613.12"
80000068,方正证券,	000568,泸州老窖,4,2.52%,40.84,"9,189.82"
80000068,方正证券,	601888,中国中免,2,2.01%,23.87,"7,306.13"
80000068,方正证券,	300760,迈瑞医疗,2,1.88%,17.11,"6,828.25"
80000068,方正证券,	300059,东方财富,2,1.64%,219.05,"5,971.34"
80000068,方正证券,	300750,宁德时代,2,1.46%,16.55,"5,331.69"
80000068,方正证券,	300122,智飞生物,2,1.24%,26.16,"4,512.34"
80000068,方正证券,	600309,万华化学,2,1.21%,41.71,"4,404.71"
80175511,德邦,	000651,格力电器,18,0.36%,167.45,"10,499.02"
80175511,德邦,	601318,中国平安,23,0.30%,110.57,"8,702.16"
80175511,德邦,	600519,贵州茅台,19,0.20%,2.84,"5,705.56"
80175511,德邦,	600036,招商银行,15,0.15%,87.75,"4,484.03"
80175511,德邦,	000333,美的集团,12,0.14%,49.56,"4,075.00"
80175511,德邦,	600258,首旅酒店,6,0.13%,135.52,"3,692.92"
80175511,德邦,	000002,万  科Ａ,7,0.13%,120.96,"3,628.80"
80175511,德邦,	600585,海螺水泥,11,0.12%,67.54,"3,459.40"
80175511,德邦,	600004,白云机场,7,0.11%,247.49,"3,301.57"
80175511,德邦,	002706,良信股份,9,0.10%,89.39,"2,755.90"
80560388,东方阿尔法,	300750,宁德时代,2,5.68%,65.45,"21,086.64"
80560388,东方阿尔法,	300014,亿纬锂能,2,4.53%,223.63,"16,805.53"
80560388,东方阿尔法,	002460,赣锋锂业,2,4.51%,177.34,"16,716.47"
80560388,东方阿尔法,	603799,华友钴业,2,4.18%,225.54,"15,503.54"
80560388,东方阿尔法,	002340,格林美,2,3.47%,"1,504.89","12,881.86"
80560388,东方阿尔法,	002074,国轩高科,2,3.36%,346.11,"12,470.47"
80560388,东方阿尔法,	002594,比亚迪,2,3.33%,75.08,"12,351.18"
80560388,东方阿尔法,	600416,湘电股份,4,3.26%,612.37,"12,106.48"
80560388,东方阿尔法,	300450,先导智能,2,3.26%,153.15,"12,097.20"
80560388,东方阿尔法,	002609,捷顺科技,4,3.15%,"1,280.56","11,691.51"
80560384,东财,	600519,贵州茅台,6,2.58%,2.75,"5,533.19"
80560384,东财,	000661,长春高新,6,2.56%,12.13,"5,490.17"
80560384,东财,	600809,山西汾酒,4,2.18%,14.04,"4,672.68"
80560384,东财,	300750,宁德时代,4,1.81%,12.04,"3,878.93"
80560384,东财,	002714,牧原股份,2,1.58%,33.85,"3,386.02"
80560384,东财,	300782,卓胜微,2,1.54%,5.41,"3,295.12"
80560384,东财,	002812,恩捷股份,4,1.42%,27.31,"3,055.98"
80560384,东财,	600745,闻泰科技,2,1.37%,29.92,"2,931.93"
80560384,东财,	603833,欧派家居,4,1.29%,17.56,"2,767.63"
80560384,东财,	300408,三环集团,2,1.28%,65.50,"2,743.14"
80000248,广发,	000725,京东方Ａ,76,0.98%,"143,004.20","896,636.31"
80000248,广发,	601012,隆基股份,33,0.81%,"8,400.11","739,210.07"
80000248,广发,	300014,亿纬锂能,22,0.73%,"8,925.84","670,776.86"
80000248,广发,	300601,康泰生物,16,0.70%,"4,710.05","645,182.94"
80000248,广发,	002493,荣盛石化,23,0.64%,"21,125.21","581,788.18"
80000248,广发,	002601,龙蟒佰利,11,0.47%,"15,184.54","433,974.24"
80000248,广发,	600519,贵州茅台,69,0.47%,214.93,"431,803.81"
80000248,广发,	600276,恒瑞医药,35,0.41%,"4,126.84","380,040.48"
80000248,广发,	00700,腾讯控股,24,0.40%,718.40,"370,375.69"
80000248,广发,	300760,迈瑞医疗,35,0.39%,903.15,"360,454.44"
80701749,达诚,	600754,锦江酒店,2,2.35%,30.10,"1,670.55"
80701749,达诚,	600258,首旅酒店,2,2.20%,57.38,"1,563.61"
80701749,达诚,	01055,中国南方航空股份,2,1.96%,285.80,"1,391.34"
80701749,达诚,	002928,华夏航空,2,1.94%,85.83,"1,376.78"
80701749,达诚,	601601,中国太保,2,1.64%,30.85,"1,167.36"
80701749,达诚,	300144,宋城演艺,2,1.58%,52.28,"1,120.88"
80701749,达诚,	00780,同程艺龙,2,1.48%,70.76,"1,048.98"
80701749,达诚,	00883,中国海洋石油,2,1.43%,147.50,"1,013.52"
80701749,达诚,	600115,东方航空,2,1.42%,184.79,"1,008.95"
80701749,达诚,	601111,中国国航,2,1.41%,110.85,"1,003.19"
80114781,东兴,	600519,贵州茅台,6,1.63%,0.71,"1,426.39"
80114781,东兴,	000333,美的集团,3,1.11%,11.81,971.00
80114781,东兴,	000858,五 粮 液,2,1.06%,3.49,933.91
80114781,东兴,	600887,伊利股份,5,0.95%,20.74,830.22
80114781,东兴,	601888,中国中免,2,0.82%,2.36,720.82
80114781,东兴,	600036,招商银行,5,0.52%,9.01,460.42
80114781,东兴,	002714,牧原股份,2,0.51%,4.48,448.13
80114781,东兴,	000568,泸州老窖,2,0.47%,1.85,416.29
80114781,东兴,	603288,海天味业,2,0.43%,2.36,377.77
80114781,东兴,	601318,中国平安,4,0.40%,4.50,354.15
80703549,东兴,	603899,晨光文具,2,0.00%,0.01,0.85
80703549,东兴,	000333,美的集团,2,0.00%,0.01,0.82
80703549,东兴,	002271,东方雨虹,2,0.00%,0.01,0.51
80145102,上海东方,	600887,伊利股份,50,3.67%,"19,138.92","766,131.11"
80145102,上海东方,	002415,海康威视,46,3.25%,"12,144.02","678,850.95"
80145102,上海东方,	00700,腾讯控股,19,3.23%,"1,305.27","672,946.66"
80145102,上海东方,	000333,美的集团,50,2.72%,"6,899.33","567,331.89"
80145102,上海东方,	000002,万  科Ａ,42,2.56%,"17,796.34","533,890.29"
80145102,上海东方,	300750,宁德时代,15,2.15%,"1,390.18","447,874.71"
80145102,上海东方,	002027,分众传媒,17,2.14%,"48,123.69","446,587.84"
80145102,上海东方,	600519,贵州茅台,15,1.67%,173.75,"349,066.96"
80145102,上海东方,	002568,百润股份,8,1.66%,"3,201.43","347,226.52"
80145102,上海东方,	002475,立讯精密,14,1.19%,"7,337.50","248,227.78"
80205268,东海,	002690,美亚光电,1,0.31%,9.04,382.27
80205268,东海,	002415,海康威视,1,0.29%,6.46,360.94
80205268,东海,	603456,九洲药业,3,0.21%,6.85,261.89
80205268,东海,	601888,中国中免,3,0.21%,0.84,257.11
80205268,东海,	300433,蓝思科技,2,0.18%,8.30,216.88
80205268,东海,	300572,安车检测,1,0.14%,4.75,172.28
80205268,东海,	603185,上机数控,3,0.13%,1.21,161.79
80205268,东海,	300726,宏达电子,3,0.13%,2.30,161.53
80205268,东海,	300529,健帆生物,1,0.12%,1.99,151.24
80205268,东海,	688981,中芯国际,2,0.12%,2.70,146.66
80048161,东吴,	600519,贵州茅台,10,0.92%,7.59,"15,254.14"
80048161,东吴,	000887,中鼎股份,2,0.59%,989.22,"9,832.89"
80048161,东吴,	300776,帝尔激光,8,0.59%,86.58,"9,825.65"
80048161,东吴,	603348,文灿股份,3,0.59%,449.64,"9,721.14"
80048161,东吴,	01951,锦欣生殖,2,0.49%,580.80,"8,207.52"
80048161,东吴,	603589,口子窖,2,0.46%,122.89,"7,619.47"
80048161,东吴,	000860,顺鑫农业,2,0.44%,155.32,"7,289.26"
80048161,东吴,	603369,今世缘,2,0.42%,142.83,"7,005.81"
80048161,东吴,	600315,上海家化,2,0.42%,143.69,"6,899.99"
80048161,东吴,	601318,中国平安,12,0.40%,85.14,"6,700.40"
80042861,东方,	300750,宁德时代,4,1.51%,211.26,"68,060.86"
80042861,东方,	002460,赣锋锂业,2,1.17%,557.91,"52,588.16"
80042861,东方,	300014,亿纬锂能,1,1.14%,679.87,"51,092.08"
80042861,东方,	300124,汇川技术,2,0.93%,488.13,"41,739.58"
80042861,东方,	002594,比亚迪,6,0.92%,250.94,"41,281.81"
80042861,东方,	002340,格林美,1,0.92%,"4,813.31","41,201.93"
80042861,东方,	002074,国轩高科,1,0.90%,"1,128.57","40,662.44"
80042861,东方,	002709,天赐材料,1,0.84%,461.02,"37,624.04"
80042861,东方,	002466,天齐锂业,1,0.82%,978.63,"36,972.55"
80042861,东方,	002812,恩捷股份,1,0.81%,325.98,"36,483.40"
80404701,财通资管,	603906,龙蟠科技,6,0.91%,"2,312.99","69,273.93"
80404701,财通资管,	000063,中兴通讯,6,0.77%,"1,993.38","58,445.89"
80404701,财通资管,	600754,锦江酒店,6,0.70%,985.79,"52,994.21"
80404701,财通资管,	300408,三环集团,12,0.61%,"1,115.27","46,707.61"
80404701,财通资管,	002044,美年健康,6,0.56%,"2,768.53","42,690.71"
80404701,财通资管,	002511,中顺洁柔,5,0.45%,"1,330.05","34,368.57"
80404701,财通资管,	300207,欣旺达,6,0.42%,"1,656.09","32,177.89"
80404701,财通资管,	002180,纳思达,4,0.30%,909.44,"22,608.72"
80404701,财通资管,	300122,智飞生物,6,0.30%,130.56,"22,520.74"
80404701,财通资管,	300601,康泰生物,6,0.28%,156.15,"21,389.21"
80000225,大成,	600519,贵州茅台,48,0.93%,86.37,"173,512.91"
80000225,大成,	300760,迈瑞医疗,22,0.67%,314.51,"125,523.17"
80000225,大成,	00700,腾讯控股,18,0.52%,187.78,"96,809.55"
80000225,大成,	601877,正泰电器,21,0.50%,"2,582.08","93,729.62"
80000225,大成,	600690,海尔智家,18,0.43%,"2,559.86","79,816.35"
80000225,大成,	688036,传音控股,19,0.42%,371.81,"77,849.43"
80000225,大成,	603989,艾华集团,22,0.35%,"2,200.82","64,593.97"
80000225,大成,	601966,玲珑轮胎,11,0.32%,"1,264.16","59,162.57"
80000225,大成,	002352,顺丰控股,9,0.31%,724.29,"58,681.72"
80000225,大成,	002372,伟星新材,10,0.28%,"2,094.54","52,908.12"
80380794,创金合信,	601012,隆基股份,21,2.66%,"1,629.35","143,382.45"
80380794,创金合信,	300750,宁德时代,21,2.64%,442.37,"142,517.05"
80380794,创金合信,	600031,三一重工,15,2.50%,"3,945.35","134,733.75"
80380794,创金合信,	600438,通威股份,8,2.21%,"3,634.29","118,986.55"
80380794,创金合信,	002812,恩捷股份,10,1.69%,816.60,"91,394.05"
80380794,创金合信,	002271,东方雨虹,8,1.14%,"1,205.72","61,684.59"
80380794,创金合信,	600309,万华化学,5,1.12%,572.99,"60,507.38"
80380794,创金合信,	600176,中国巨石,6,1.06%,"2,971.03","57,043.72"
80380794,创金合信,	300274,阳光电源,10,1.01%,755.53,"54,231.62"
80380794,创金合信,	600426,华鲁恒升,8,0.86%,"1,233.45","46,315.98"
80965167,淳厚,	000921,海信家电,9,0.68%,847.97,"14,195.02"
80965167,淳厚,	600519,贵州茅台,4,0.65%,6.80,"13,669.64"
80965167,淳厚,	600036,招商银行,7,0.60%,246.76,"12,609.44"
80965167,淳厚,	300059,东方财富,4,0.56%,429.00,"11,694.41"
80965167,淳厚,	06098,碧桂园服务,4,0.48%,149.30,"9,943.41"
80965167,淳厚,	002415,海康威视,4,0.38%,143.55,"8,024.65"
80965167,淳厚,	603369,今世缘,4,0.38%,161.68,"7,930.40"
80965167,淳厚,	00700,腾讯控股,4,0.31%,12.40,"6,392.94"
80965167,淳厚,	000333,美的集团,4,0.30%,77.10,"6,339.90"
80965167,淳厚,	06049,保利物业,4,0.29%,132.50,"6,047.26"
80404004,长江资管,	601006,大秦铁路,4,0.08%,153.00,"1,072.53"
80404004,长江资管,	600519,贵州茅台,5,0.06%,0.37,743.33
80404004,长江资管,	601318,中国平安,4,0.04%,7.00,550.81
80404004,长江资管,	600000,浦发银行,4,0.04%,43.00,472.57
80404004,长江资管,	000858,五 粮 液,3,0.03%,1.35,361.77
80404004,长江资管,	600809,山西汾酒,3,0.03%,1.01,336.13
80404004,长江资管,	601818,光大银行,4,0.02%,80.00,326.40
80404004,长江资管,	000651,格力电器,7,0.02%,5.13,321.65
80404004,长江资管,	000568,泸州老窖,3,0.02%,1.34,301.53
80404004,长江资管,	000001,平安银行,2,0.02%,13.00,286.13
80161341,财通,	000301,东方盛虹,8,1.12%,"2,827.21","39,920.24"
80161341,财通,	300502,新易盛,7,0.98%,908.72,"35,125.85"
80161341,财通,	002092,中泰化学,9,0.98%,"3,781.03","35,012.36"
80161341,财通,	002064,华峰化学,9,0.90%,"2,739.56","32,052.90"
80161341,财通,	600409,三友化工,8,0.90%,"2,954.53","31,997.52"
80161341,财通,	000703,恒逸石化,8,0.84%,"2,041.60","29,909.46"
80161341,财通,	601899,紫金矿业,9,0.82%,"3,028.66","29,135.68"
80161341,财通,	002318,久立特材,8,0.70%,"1,935.24","24,887.19"
80161341,财通,	603113,金能科技,8,0.66%,"1,293.94","23,679.11"
80161341,财通,	000932,华菱钢铁,3,0.47%,"2,400.61","16,804.26"
80000243,长信,	002415,海康威视,33,0.49%,845.12,"47,242.11"
80000243,长信,	600519,贵州茅台,22,0.48%,23.02,"46,255.02"
80000243,长信,	600309,万华化学,32,0.45%,408.39,"43,126.50"
80000243,长信,	000858,五 粮 液,17,0.44%,157.01,"42,075.49"
80000243,长信,	300054,鼎龙股份,16,0.36%,"2,165.36","35,187.04"
80000243,长信,	600809,山西汾酒,7,0.30%,87.10,"28,986.15"
80000243,长信,	601166,兴业银行,24,0.29%,"1,165.97","28,088.22"
80000243,长信,	000596,古井贡酒,11,0.27%,123.17,"25,887.50"
80000243,长信,	002352,顺丰控股,13,0.25%,302.81,"24,533.92"
80000243,长信,	603345,安井食品,4,0.25%,116.61,"24,320.68"
80139382,长安,	600519,贵州茅台,19,2.89%,10.75,"21,595.95"
80139382,长安,	000858,五 粮 液,11,2.51%,69.80,"18,705.00"
80139382,长安,	688036,传音控股,10,2.07%,73.60,"15,410.37"
80139382,长安,	601633,长城汽车,6,1.95%,484.00,"14,582.92"
80139382,长安,	300750,宁德时代,16,1.54%,35.58,"11,462.81"
80139382,长安,	603501,韦尔股份,11,1.49%,43.42,"11,146.78"
80139382,长安,	600887,伊利股份,5,1.36%,253.87,"10,162.54"
80139382,长安,	601899,紫金矿业,8,1.36%,"1,051.90","10,119.28"
80139382,长安,	600406,国电南瑞,8,1.34%,320.00,"9,964.80"
80139382,长安,	000157,中联重科,8,1.18%,689.99,"8,769.72"
80560400,博远,	688696,极米科技,2,0.77%,1.60,740.66
80560400,博远,	002241,歌尔股份,2,0.71%,25.00,678.75
80560400,博远,	002601,龙蟒佰利,2,0.60%,20.00,571.60
80560400,博远,	002152,广电运通,2,0.60%,50.00,570.00
80560400,博远,	601166,兴业银行,2,0.50%,20.00,481.80
80560400,博远,	002460,赣锋锂业,2,0.49%,5.00,471.30
80560400,博远,	600010,包钢股份,2,0.49%,300.00,468.00
80560400,博远,	300274,阳光电源,4,0.40%,5.37,385.46
80560400,博远,	002064,华峰化学,5,0.40%,32.94,385.40
80560400,博远,	601006,大秦铁路,4,0.38%,51.55,361.37
80538609,渤海汇金,	600519,贵州茅台,3,0.00%,0.02,40.18
80538609,渤海汇金,	002271,东方雨虹,3,0.00%,0.47,23.79
80538609,渤海汇金,	600763,通策医疗,3,0.00%,0.06,15.03
80538609,渤海汇金,	000661,长春高新,2,0.00%,0.02,9.05
80538609,渤海汇金,	002484,江海股份,2,0.00%,0.60,8.73
80538609,渤海汇金,	600436,片仔癀,1,0.00%,0.03,8.61
80538609,渤海汇金,	300760,迈瑞医疗,2,0.00%,0.02,7.98
80538609,渤海汇金,	300415,伊之密,2,0.00%,0.39,7.80
80538609,渤海汇金,	603901,永创智能,2,0.00%,0.69,7.72
80538609,渤海汇金,	002918,蒙娜丽莎,2,0.00%,0.19,7.43
80560392,博道,	688023,安恒信息,7,2.77%,129.01,"34,102.14"
80560392,博道,	300274,阳光电源,8,2.75%,472.26,"33,899.08"
80560392,博道,	002230,科大讯飞,6,2.29%,583.85,"28,217.42"
80560392,博道,	600600,青岛啤酒,6,2.05%,298.54,"25,268.08"
80560392,博道,	300750,宁德时代,6,1.90%,72.63,"23,399.53"
80560392,博道,	600966,博汇纸业,6,1.78%,"1,305.85","21,977.46"
80560392,博道,	002352,顺丰控股,3,1.39%,211.82,"17,161.72"
80560392,博道,	000001,平安银行,6,1.36%,763.54,"16,805.56"
80560392,博道,	601318,中国平安,10,1.00%,156.88,"12,346.54"
80560392,博道,	600588,用友网络,2,0.98%,338.18,"12,076.54"
80000239,长城,	600519,贵州茅台,27,1.08%,86.11,"173,001.82"
80000239,长城,	000858,五 粮 液,16,0.44%,264.35,"70,839.60"
80000239,长城,	00700,腾讯控股,11,0.43%,132.17,"68,140.71"
80000239,长城,	601888,中国中免,17,0.40%,208.91,"63,942.10"
80000239,长城,	002706,良信股份,13,0.34%,"1,771.10","54,602.89"
80000239,长城,	300760,迈瑞医疗,16,0.33%,133.20,"53,162.73"
80000239,长城,	600809,山西汾酒,11,0.32%,151.70,"50,484.96"
80000239,长城,	002415,海康威视,10,0.30%,862.69,"48,224.39"
80000239,长城,	603208,江山欧派,9,0.28%,400.01,"44,733.02"
80000239,长城,	603259,药明康德,10,0.25%,279.06,"39,124.30"
80163340,安信,	600519,贵州茅台,28,1.27%,43.24,"86,875.19"
80163340,安信,	002867,周大生,24,1.02%,"1,987.46","69,521.42"
80163340,安信,	601668,中国建筑,32,0.99%,"12,983.07","67,382.14"
80163340,安信,	00700,腾讯控股,13,0.84%,110.45,"56,943.17"
80163340,安信,	600048,保利地产,40,0.83%,"3,990.71","56,787.86"
80163340,安信,	300750,宁德时代,5,0.78%,165.31,"53,257.38"
80163340,安信,	000651,格力电器,33,0.71%,768.78,"48,202.63"
80163340,安信,	000513,丽珠集团,6,0.67%,"1,100.60","45,961.20"
80163340,安信,	00688,中国海外发展,14,0.57%,"2,268.32","38,726.19"
80163340,安信,	601012,隆基股份,6,0.47%,361.90,"31,846.77"
80000226,博时,	600519,贵州茅台,73,0.32%,132.73,"266,663.81"
80000226,博时,	600036,招商银行,36,0.32%,"5,142.51","262,782.39"
80000226,博时,	603218,日月股份,49,0.31%,"7,599.25","257,116.82"
80000226,博时,	600309,万华化学,46,0.28%,"2,232.10","235,709.86"
80000226,博时,	600426,华鲁恒升,52,0.25%,"5,495.88","206,370.38"
80000226,博时,	002415,海康威视,30,0.21%,"3,171.12","177,265.34"
80000226,博时,	000708,中信特钢,42,0.21%,"6,616.41","174,673.21"
80000226,博时,	300760,迈瑞医疗,32,0.21%,430.52,"171,826.71"
80000226,博时,	00700,腾讯控股,30,0.19%,312.51,"161,120.12"
80000226,博时,	601888,中国中免,41,0.19%,516.01,"157,941.60"
80000227,长盛,	600519,贵州茅台,42,1.24%,24.22,"48,666.82"
80000227,长盛,	000858,五 粮 液,32,0.93%,135.67,"36,357.41"
80000227,长盛,	601012,隆基股份,22,0.73%,325.02,"28,601.51"
80000227,长盛,	601318,中国平安,19,0.53%,265.28,"20,877.38"
80000227,长盛,	002709,天赐材料,9,0.49%,233.87,"19,086.16"
80000227,长盛,	300122,智飞生物,18,0.46%,104.77,"18,071.97"
80000227,长盛,	603259,药明康德,14,0.33%,92.22,"12,929.22"
80000227,长盛,	600036,招商银行,20,0.29%,224.37,"11,465.23"
80000227,长盛,	600031,三一重工,22,0.29%,329.40,"11,249.04"
80000227,长盛,	300750,宁德时代,5,0.27%,33.12,"10,670.21"
