company_code,company_shortName,industry_category,havein_mycomanpy_fund,hold_in_value_percent,stock_value
80365985,北信,制造业,15,3.86%,"51,767.67"
80365985,北信,金融业,11,0.82%,"10,950.70"
80365985,北信,房地产业,14,0.64%,"8,559.04"
80365985,北信,信息传输、软件和信息技术服务业,12,0.46%,"6,119.92"
80365985,北信,建筑业,11,0.16%,"2,199.20"
80365985,北信,水利、环境和公共设施管理业,7,0.10%,"1,368.49"
80365985,北信,批发和零售业,13,0.10%,"1,335.40"
80365985,北信,文化、体育和娱乐业,5,0.09%,"1,246.91"
80365985,北信,采矿业,5,0.04%,563.90
80365985,北信,科学研究和技术服务业,10,0.04%,561.24
80365985,北信,租赁和商务服务业,1,0.02%,283.50
80365985,北信,农、林、牧、渔业,5,0.01%,148.39
80365985,北信,交通运输、仓储和邮政业,3,0.01%,126.44
80365985,北信,电力、热力、燃气及水生产和供应业,1,0.01%,75.00
80000226,博时,制造业,121,5.55%,"3,739,106.28"
80000226,博时,信息传输、软件和信息技术服务业,104,1.05%,"708,792.11"
80000226,博时,金融业,97,0.83%,"562,145.82"
80000226,博时,建筑业,36,0.77%,"519,354.86"
80000226,博时,采矿业,85,0.61%,"412,428.50"
80000226,博时,房地产业,55,0.45%,"304,260.61"
80000226,博时,电力、热力、燃气及水生产和供应业,53,0.39%,"262,583.19"
80000226,博时,水利、环境和公共设施管理业,60,0.22%,"147,802.20"
80000226,博时,交通运输、仓储和邮政业,63,0.17%,"115,922.19"
80000226,博时,批发和零售业,96,0.15%,"99,477.76"
80000226,博时,文化、体育和娱乐业,47,0.14%,"94,638.74"
80000226,博时,卫生和社会工作,25,0.11%,"76,756.57"
80000226,博时,科学研究和技术服务业,104,0.08%,"54,587.33"
80000226,博时,租赁和商务服务业,20,0.07%,"46,415.03"
80000226,博时,农、林、牧、渔业,29,0.05%,"31,234.29"
80000226,博时,教育,15,0.03%,"21,079.58"
80000226,博时,综合,3,0.00%,"1,622.41"
80000226,博时,住宿和餐饮业,2,0.00%,534.99
80000248,广发,制造业,179,15.66%,"9,105,308.80"
80000248,广发,信息传输、软件和信息技术服务业,152,3.29%,"1,913,578.29"
80000248,广发,金融业,151,1.13%,"658,192.72"
80000248,广发,建筑业,58,0.69%,"398,551.35"
80000248,广发,批发和零售业,147,0.49%,"287,763.49"
80000248,广发,科学研究和技术服务业,130,0.44%,"257,025.38"
80000248,广发,卫生和社会工作,59,0.38%,"219,605.22"
80000248,广发,交通运输、仓储和邮政业,74,0.36%,"211,433.32"
80000248,广发,采矿业,76,0.34%,"198,672.16"
80000248,广发,房地产业,69,0.29%,"167,665.00"
80000248,广发,水利、环境和公共设施管理业,64,0.22%,"130,133.93"
80000248,广发,租赁和商务服务业,85,0.19%,"112,785.58"
80000248,广发,文化、体育和娱乐业,54,0.16%,"92,521.02"
80000248,广发,电力、热力、燃气及水生产和供应业,45,0.13%,"78,083.81"
80000248,广发,农、林、牧、渔业,38,0.05%,"28,971.97"
80000248,广发,综合,12,0.01%,"4,390.17"
80000248,广发,教育,29,0.01%,"4,203.31"
80000248,广发,住宿和餐饮业,9,0.01%,"3,606.51"
80092743,华融证券,制造业,2,1.11%,"1,977.16"
80092743,华融证券,金融业,2,0.60%,"1,069.85"
80092743,华融证券,信息传输、软件和信息技术服务业,2,0.15%,266.34
80092743,华融证券,电力、热力、燃气及水生产和供应业,2,0.10%,184.48
80092743,华融证券,房地产业,1,0.08%,140.52
80092743,华融证券,交通运输、仓储和邮政业,2,0.07%,130.03
80092743,华融证券,建筑业,1,0.05%,82.19
80092743,华融证券,采矿业,1,0.02%,34.34
80092743,华融证券,卫生和社会工作,1,0.02%,32.03
80092743,华融证券,批发和零售业,1,0.00%,1.86
80041198,天弘,制造业,56,0.83%,"1,208,954.55"
80041198,天弘,金融业,44,0.65%,"939,227.93"
80041198,天弘,信息传输、软件和信息技术服务业,42,0.18%,"256,246.33"
80041198,天弘,房地产业,22,0.03%,"44,623.77"
80041198,天弘,批发和零售业,51,0.03%,"43,303.50"
80041198,天弘,农、林、牧、渔业,16,0.03%,"40,603.15"
80041198,天弘,交通运输、仓储和邮政业,32,0.03%,"36,693.46"
80041198,天弘,建筑业,22,0.02%,"33,761.08"
80041198,天弘,采矿业,19,0.02%,"32,574.60"
80041198,天弘,卫生和社会工作,16,0.02%,"31,007.80"
80041198,天弘,电力、热力、燃气及水生产和供应业,18,0.02%,"24,094.81"
80041198,天弘,文化、体育和娱乐业,18,0.02%,"23,558.46"
80041198,天弘,科学研究和技术服务业,47,0.02%,"21,830.29"
80041198,天弘,租赁和商务服务业,17,0.01%,"15,884.18"
80041198,天弘,水利、环境和公共设施管理业,17,0.00%,"6,085.96"
80041198,天弘,综合,6,0.00%,"2,064.42"
80041198,天弘,教育,9,0.00%,972.63
80041198,天弘,住宿和餐饮业,6,0.00%,812.02
80351991,鑫元,制造业,16,0.71%,"26,489.82"
80351991,鑫元,金融业,12,0.23%,"8,478.79"
80351991,鑫元,信息传输、软件和信息技术服务业,16,0.16%,"5,884.53"
80351991,鑫元,交通运输、仓储和邮政业,6,0.06%,"2,315.15"
80351991,鑫元,房地产业,8,0.03%,"1,265.95"
80351991,鑫元,科学研究和技术服务业,10,0.03%,"1,114.96"
80351991,鑫元,采矿业,6,0.02%,843.96
80351991,鑫元,建筑业,6,0.02%,710.79
80351991,鑫元,电力、热力、燃气及水生产和供应业,4,0.02%,648.48
80351991,鑫元,批发和零售业,6,0.01%,554.55
80351991,鑫元,农、林、牧、渔业,8,0.01%,513.05
80351991,鑫元,文化、体育和娱乐业,6,0.01%,377.20
80351991,鑫元,卫生和社会工作,8,0.01%,340.06
80351991,鑫元,租赁和商务服务业,6,0.01%,303.78
80351991,鑫元,水利、环境和公共设施管理业,4,0.00%,44.62
80351991,鑫元,教育,2,0.00%,18.67
80351991,鑫元,住宿和餐饮业,2,0.00%,11.66
80351991,鑫元,综合,2,0.00%,11.08
80036782,招商,制造业,142,5.84%,"2,339,295.08"
80036782,招商,金融业,115,2.81%,"1,123,832.64"
80036782,招商,信息传输、软件和信息技术服务业,121,0.32%,"129,415.01"
80036782,招商,交通运输、仓储和邮政业,74,0.26%,"105,652.28"
80036782,招商,采矿业,73,0.26%,"102,621.76"
80036782,招商,卫生和社会工作,54,0.24%,"96,726.25"
80036782,招商,农、林、牧、渔业,59,0.20%,"79,241.82"
80036782,招商,房地产业,62,0.17%,"67,118.93"
80036782,招商,电力、热力、燃气及水生产和供应业,46,0.14%,"55,096.92"
80036782,招商,批发和零售业,129,0.13%,"52,649.23"
80036782,招商,科学研究和技术服务业,119,0.08%,"32,176.57"
80036782,招商,建筑业,46,0.04%,"15,086.84"
80036782,招商,水利、环境和公共设施管理业,44,0.02%,"9,602.19"
80036782,招商,租赁和商务服务业,36,0.02%,"6,120.14"
80036782,招商,文化、体育和娱乐业,33,0.01%,"4,125.71"
80036782,招商,住宿和餐饮业,13,0.00%,"1,381.76"
80036782,招商,教育,12,0.00%,924.03
80036782,招商,综合,5,0.00%,257.73
80560391,中庚,制造业,3,67.56%,"493,885.08"
80560391,中庚,批发和零售业,3,13.67%,"99,959.90"
80560391,中庚,信息传输、软件和信息技术服务业,3,4.14%,"30,295.94"
80560391,中庚,电力、热力、燃气及水生产和供应业,3,3.96%,"28,940.86"
80560391,中庚,交通运输、仓储和邮政业,3,2.01%,"14,718.65"
80560391,中庚,租赁和商务服务业,3,0.68%,"4,963.22"
80560391,中庚,文化、体育和娱乐业,3,0.49%,"3,576.86"
80560391,中庚,科学研究和技术服务业,3,0.46%,"3,332.18"
80560391,中庚,金融业,3,0.39%,"2,826.16"
80560391,中庚,建筑业,3,0.20%,"1,457.35"
80560391,中庚,采矿业,1,0.13%,938.92
80560391,中庚,水利、环境和公共设施管理业,3,0.11%,787.80
80560391,中庚,农、林、牧、渔业,3,0.10%,702.02
80560391,中庚,房地产业,2,0.03%,236.58
80560391,中庚,教育,1,0.00%,19.32
80403111,浙商资管,制造业,7,7.76%,"45,951.48"
80403111,浙商资管,金融业,7,1.66%,"9,841.96"
80403111,浙商资管,信息传输、软件和信息技术服务业,6,1.39%,"8,235.67"
80403111,浙商资管,卫生和社会工作,4,0.34%,"2,035.03"
80403111,浙商资管,批发和零售业,5,0.22%,"1,286.87"
80403111,浙商资管,房地产业,4,0.18%,"1,050.53"
80403111,浙商资管,采矿业,4,0.15%,862.36
80403111,浙商资管,科学研究和技术服务业,6,0.12%,731.01
80403111,浙商资管,交通运输、仓储和邮政业,2,0.12%,716.55
80403111,浙商资管,建筑业,3,0.06%,327.15
80403111,浙商资管,文化、体育和娱乐业,2,0.05%,319.22
80403111,浙商资管,水利、环境和公共设施管理业,2,0.05%,289.73
80403111,浙商资管,电力、热力、燃气及水生产和供应业,2,0.03%,191.92
80403111,浙商资管,农、林、牧、渔业,1,0.01%,38.52
80403111,浙商资管,教育,1,0.01%,34.55
80403111,浙商资管,租赁和商务服务业,1,0.00%,21.50
80508391,中航,制造业,6,9.92%,"9,495.96"
80508391,中航,金融业,6,5.93%,"5,681.10"
80508391,中航,采矿业,4,1.03%,989.37
80508391,中航,房地产业,4,0.80%,765.61
80508391,中航,交通运输、仓储和邮政业,4,0.74%,712.00
80508391,中航,建筑业,2,0.25%,241.39
80508391,中航,信息传输、软件和信息技术服务业,4,0.15%,144.26
80508391,中航,租赁和商务服务业,2,0.08%,80.64
80508391,中航,科学研究和技术服务业,4,0.02%,19.85
80508391,中航,批发和零售业,4,0.00%,3.83
10000018,中信证券,制造业,5,43.40%,"740,541.24"
10000018,中信证券,金融业,5,3.44%,"58,699.47"
10000018,中信证券,信息传输、软件和信息技术服务业,5,2.86%,"48,844.98"
10000018,中信证券,农、林、牧、渔业,3,2.03%,"34,692.22"
10000018,中信证券,文化、体育和娱乐业,3,1.96%,"33,430.77"
10000018,中信证券,卫生和社会工作,5,1.87%,"31,832.35"
10000018,中信证券,科学研究和技术服务业,5,1.39%,"23,726.61"
10000018,中信证券,批发和零售业,2,0.78%,"13,306.08"
10000018,中信证券,房地产业,3,0.48%,"8,132.02"
10000018,中信证券,交通运输、仓储和邮政业,2,0.15%,"2,632.47"
10000018,中信证券,租赁和商务服务业,2,0.01%,161.48
80455765,中科沃土,制造业,6,17.16%,"6,870.30"
80455765,中科沃土,金融业,1,6.68%,"2,672.35"
80455765,中科沃土,信息传输、软件和信息技术服务业,6,5.64%,"2,258.82"
80455765,中科沃土,交通运输、仓储和邮政业,1,1.41%,564.35
80455765,中科沃土,科学研究和技术服务业,6,0.86%,342.28
80455765,中科沃土,建筑业,3,0.73%,292.73
80455765,中科沃土,采矿业,3,0.73%,291.17
80455765,中科沃土,房地产业,1,0.68%,273.60
80455765,中科沃土,批发和零售业,5,0.48%,193.80
80455765,中科沃土,电力、热力、燃气及水生产和供应业,1,0.43%,172.49
80455765,中科沃土,文化、体育和娱乐业,1,0.21%,85.87
80455765,中科沃土,水利、环境和公共设施管理业,3,0.07%,26.06
80455765,中科沃土,卫生和社会工作,2,0.01%,4.00
80381452,中泰资管,制造业,5,31.90%,"45,622.92"
80381452,中泰资管,批发和零售业,5,7.10%,"10,154.46"
80381452,中泰资管,交通运输、仓储和邮政业,5,3.77%,"5,386.03"
80381452,中泰资管,采矿业,4,2.68%,"3,839.80"
80381452,中泰资管,建筑业,4,2.10%,"3,003.14"
80381452,中泰资管,信息传输、软件和信息技术服务业,4,1.44%,"2,052.23"
80381452,中泰资管,金融业,2,0.41%,581.23
80381452,中泰资管,文化、体育和娱乐业,3,0.38%,539.29
80381452,中泰资管,电力、热力、燃气及水生产和供应业,2,0.32%,458.00
80381452,中泰资管,房地产业,2,0.24%,336.30
80381452,中泰资管,租赁和商务服务业,2,0.22%,315.68
80381452,中泰资管,综合,2,0.14%,195.52
80381452,中泰资管,水利、环境和公共设施管理业,2,0.06%,86.26
80381452,中泰资管,科学研究和技术服务业,5,0.03%,47.62
80381452,中泰资管,教育,2,0.02%,34.20
80381452,中泰资管,卫生和社会工作,2,0.02%,30.81
80381452,中泰资管,农、林、牧、渔业,2,0.02%,30.68
80381452,中泰资管,住宿和餐饮业,2,0.00%,3.13
80365986,中金,制造业,35,4.85%,"150,065.69"
80365986,中金,信息传输、软件和信息技术服务业,31,0.98%,"30,420.02"
80365986,中金,金融业,30,0.91%,"28,238.00"
80365986,中金,文化、体育和娱乐业,24,0.21%,"6,579.52"
80365986,中金,批发和零售业,35,0.21%,"6,347.43"
80365986,中金,房地产业,30,0.20%,"6,277.90"
80365986,中金,教育,9,0.19%,"5,942.55"
80365986,中金,科学研究和技术服务业,25,0.15%,"4,747.33"
80365986,中金,采矿业,27,0.13%,"3,962.41"
80365986,中金,电力、热力、燃气及水生产和供应业,21,0.11%,"3,267.87"
80365986,中金,建筑业,23,0.10%,"3,217.10"
80365986,中金,卫生和社会工作,18,0.09%,"2,914.16"
80365986,中金,交通运输、仓储和邮政业,23,0.08%,"2,363.40"
80365986,中金,农、林、牧、渔业,20,0.06%,"1,918.20"
80365986,中金,租赁和商务服务业,24,0.05%,"1,538.74"
80365986,中金,水利、环境和公共设施管理业,12,0.02%,690.05
80365986,中金,综合,14,0.01%,195.81
80365986,中金,住宿和餐饮业,8,0.00%,82.22
80000200,中银国际,制造业,12,0.27%,"28,224.86"
80000200,中银国际,信息传输、软件和信息技术服务业,10,0.10%,"10,478.47"
80000200,中银国际,文化、体育和娱乐业,7,0.02%,"1,782.50"
80000200,中银国际,批发和零售业,10,0.01%,933.73
80000200,中银国际,卫生和社会工作,1,0.01%,772.13
80000200,中银国际,科学研究和技术服务业,5,0.00%,432.70
80000200,中银国际,房地产业,2,0.00%,301.87
80000200,中银国际,农、林、牧、渔业,2,0.00%,289.77
80000200,中银国际,租赁和商务服务业,4,0.00%,238.95
80000200,中银国际,金融业,2,0.00%,66.60
80000200,中银国际,水利、环境和公共设施管理业,2,0.00%,0.06
80355113,中信建投,制造业,21,8.17%,"153,243.41"
80355113,中信建投,信息传输、软件和信息技术服务业,17,2.50%,"46,926.32"
80355113,中信建投,金融业,17,0.35%,"6,570.67"
80355113,中信建投,科学研究和技术服务业,8,0.11%,"1,978.78"
80355113,中信建投,批发和零售业,17,0.08%,"1,534.98"
80355113,中信建投,卫生和社会工作,6,0.06%,"1,037.47"
80355113,中信建投,综合,2,0.03%,588.00
80355113,中信建投,租赁和商务服务业,5,0.01%,269.64
80355113,中信建投,文化、体育和娱乐业,7,0.01%,260.40
80355113,中信建投,交通运输、仓储和邮政业,4,0.01%,130.74
80355113,中信建投,房地产业,3,0.01%,102.78
80355113,中信建投,电力、热力、燃气及水生产和供应业,1,0.00%,22.83
80355113,中信建投,住宿和餐饮业,1,0.00%,22.06
80355113,中信建投,水利、环境和公共设施管理业,1,0.00%,9.29
80355113,中信建投,采矿业,2,0.00%,0.57
80048752,中银,制造业,88,2.29%,"889,957.82"
80048752,中银,信息传输、软件和信息技术服务业,72,0.51%,"197,879.92"
80048752,中银,金融业,75,0.36%,"140,060.23"
80048752,中银,批发和零售业,80,0.18%,"70,277.29"
80048752,中银,房地产业,48,0.13%,"50,822.62"
80048752,中银,卫生和社会工作,18,0.10%,"39,232.31"
80048752,中银,交通运输、仓储和邮政业,37,0.10%,"39,015.48"
80048752,中银,文化、体育和娱乐业,21,0.09%,"34,416.09"
80048752,中银,教育,12,0.07%,"28,112.50"
80048752,中银,科学研究和技术服务业,72,0.06%,"25,113.58"
80048752,中银,电力、热力、燃气及水生产和供应业,48,0.06%,"24,249.79"
80048752,中银,采矿业,32,0.03%,"11,095.95"
80048752,中银,租赁和商务服务业,15,0.02%,"8,498.94"
80048752,中银,建筑业,25,0.02%,"6,805.88"
80048752,中银,水利、环境和公共设施管理业,23,0.01%,"5,338.96"
80048752,中银,住宿和餐饮业,5,0.01%,"3,343.61"
80048752,中银,农、林、牧、渔业,9,0.00%,"1,699.27"
80048752,中银,综合,3,0.00%,276.16
80351345,中加,制造业,9,0.15%,"16,834.71"
80351345,中加,金融业,9,0.05%,"5,697.38"
80351345,中加,交通运输、仓储和邮政业,8,0.02%,"2,725.23"
80351345,中加,信息传输、软件和信息技术服务业,7,0.01%,"1,617.12"
80351345,中加,房地产业,9,0.01%,"1,472.34"
80351345,中加,批发和零售业,9,0.01%,"1,382.98"
80351345,中加,文化、体育和娱乐业,9,0.01%,"1,245.42"
80351345,中加,电力、热力、燃气及水生产和供应业,7,0.01%,812.60
80351345,中加,采矿业,7,0.01%,612.89
80351345,中加,卫生和社会工作,5,0.00%,503.64
80351345,中加,建筑业,4,0.00%,240.31
80351345,中加,水利、环境和公共设施管理业,5,0.00%,200.61
80351345,中加,农、林、牧、渔业,2,0.00%,75.65
80351345,中加,租赁和商务服务业,3,0.00%,64.68
80351345,中加,科学研究和技术服务业,9,0.00%,49.71
80351345,中加,综合,2,0.00%,6.06
80351345,中加,住宿和餐饮业,2,0.00%,5.37
80075936,中邮,制造业,32,23.14%,"852,199.79"
80075936,中邮,房地产业,27,6.07%,"223,481.12"
80075936,中邮,信息传输、软件和信息技术服务业,30,6.07%,"223,414.94"
80075936,中邮,金融业,25,3.84%,"141,470.41"
80075936,中邮,建筑业,18,0.85%,"31,466.18"
80075936,中邮,文化、体育和娱乐业,18,0.77%,"28,290.01"
80075936,中邮,住宿和餐饮业,13,0.62%,"22,951.36"
80075936,中邮,采矿业,20,0.35%,"12,882.91"
80075936,中邮,科学研究和技术服务业,24,0.31%,"11,404.86"
80075936,中邮,租赁和商务服务业,14,0.28%,"10,359.66"
80075936,中邮,交通运输、仓储和邮政业,17,0.25%,"9,224.78"
80075936,中邮,教育,3,0.25%,"9,078.51"
80075936,中邮,批发和零售业,23,0.19%,"6,816.82"
80075936,中邮,卫生和社会工作,8,0.13%,"4,853.61"
80075936,中邮,农、林、牧、渔业,10,0.08%,"3,022.62"
80075936,中邮,电力、热力、燃气及水生产和供应业,6,0.07%,"2,719.37"
80075936,中邮,水利、环境和公共设施管理业,8,0.01%,240.02
80075936,中邮,综合,4,0.00%,47.00
80341238,中融,制造业,51,1.38%,"146,609.06"
80341238,中融,采矿业,26,0.57%,"60,378.56"
80341238,中融,金融业,36,0.37%,"39,390.08"
80341238,中融,信息传输、软件和信息技术服务业,44,0.16%,"16,567.23"
80341238,中融,房地产业,21,0.05%,"5,620.59"
80341238,中融,交通运输、仓储和邮政业,24,0.04%,"4,520.72"
80341238,中融,农、林、牧、渔业,18,0.04%,"4,517.39"
80341238,中融,建筑业,17,0.04%,"4,307.08"
80341238,中融,批发和零售业,29,0.03%,"2,700.41"
80341238,中融,电力、热力、燃气及水生产和供应业,17,0.02%,"2,209.36"
80341238,中融,租赁和商务服务业,15,0.02%,"1,627.70"
80341238,中融,文化、体育和娱乐业,12,0.01%,"1,501.20"
80341238,中融,卫生和社会工作,15,0.01%,869.07
80341238,中融,水利、环境和公共设施管理业,14,0.01%,846.93
80341238,中融,科学研究和技术服务业,33,0.01%,840.75
80341238,中融,综合,1,0.00%,137.74
80341238,中融,住宿和餐饮业,2,0.00%,92.33
80341238,中融,教育,3,0.00%,17.15
80066470,中信保诚,制造业,66,6.00%,"562,591.26"
80066470,中信保诚,信息传输、软件和信息技术服务业,58,1.69%,"158,616.15"
80066470,中信保诚,金融业,44,1.68%,"157,150.55"
80066470,中信保诚,建筑业,21,1.64%,"154,169.73"
80066470,中信保诚,房地产业,40,0.55%,"51,449.09"
80066470,中信保诚,批发和零售业,57,0.20%,"18,953.50"
80066470,中信保诚,采矿业,31,0.11%,"9,888.51"
80066470,中信保诚,交通运输、仓储和邮政业,29,0.10%,"9,553.72"
80066470,中信保诚,文化、体育和娱乐业,35,0.09%,"8,610.54"
80066470,中信保诚,水利、环境和公共设施管理业,15,0.07%,"6,485.98"
80066470,中信保诚,电力、热力、燃气及水生产和供应业,23,0.05%,"4,450.06"
80066470,中信保诚,科学研究和技术服务业,57,0.04%,"3,812.39"
80066470,中信保诚,租赁和商务服务业,20,0.01%,"1,312.22"
80066470,中信保诚,卫生和社会工作,18,0.01%,"1,031.82"
80066470,中信保诚,农、林、牧、渔业,18,0.01%,999.22
80066470,中信保诚,综合,7,0.01%,488.94
80066470,中信保诚,住宿和餐饮业,3,0.00%,71.68
80066470,中信保诚,教育,6,0.00%,49.86
80156777,浙商,制造业,12,5.57%,"137,085.48"
80156777,浙商,金融业,10,1.03%,"25,284.96"
80156777,浙商,信息传输、软件和信息技术服务业,11,0.40%,"9,886.60"
80156777,浙商,房地产业,10,0.39%,"9,514.99"
80156777,浙商,交通运输、仓储和邮政业,8,0.22%,"5,448.90"
80156777,浙商,农、林、牧、渔业,7,0.21%,"5,251.72"
80156777,浙商,批发和零售业,9,0.13%,"3,127.63"
80156777,浙商,采矿业,7,0.11%,"2,736.61"
80156777,浙商,电力、热力、燃气及水生产和供应业,3,0.05%,"1,302.28"
80156777,浙商,科学研究和技术服务业,12,0.05%,"1,213.59"
80156777,浙商,建筑业,3,0.03%,801.91
80156777,浙商,租赁和商务服务业,5,0.03%,735.68
80156777,浙商,教育,5,0.03%,643.36
80156777,浙商,卫生和社会工作,3,0.02%,535.36
80156777,浙商,文化、体育和娱乐业,3,0.02%,433.68
80156777,浙商,综合,2,0.01%,195.82
80156777,浙商,水利、环境和公共设施管理业,2,0.00%,0.09
80156777,浙商,住宿和餐饮业,2,0.00%,0.00
80065113,中欧,制造业,101,16.64%,"4,423,686.63"
80065113,中欧,信息传输、软件和信息技术服务业,86,2.20%,"584,126.60"
80065113,中欧,房地产业,76,1.35%,"358,208.08"
80065113,中欧,卫生和社会工作,49,0.99%,"262,584.54"
80065113,中欧,文化、体育和娱乐业,57,0.95%,"252,934.03"
80065113,中欧,批发和零售业,82,0.84%,"224,203.17"
80065113,中欧,科学研究和技术服务业,63,0.83%,"220,962.77"
80065113,中欧,金融业,88,0.71%,"189,859.27"
80065113,中欧,采矿业,46,0.68%,"180,148.83"
80065113,中欧,交通运输、仓储和邮政业,51,0.56%,"149,008.03"
80065113,中欧,租赁和商务服务业,42,0.45%,"120,869.65"
80065113,中欧,水利、环境和公共设施管理业,31,0.29%,"78,219.60"
80065113,中欧,农、林、牧、渔业,23,0.14%,"36,969.65"
80065113,中欧,电力、热力、燃气及水生产和供应业,44,0.11%,"29,323.36"
80065113,中欧,建筑业,31,0.10%,"27,395.80"
80065113,中欧,住宿和餐饮业,11,0.09%,"24,140.45"
80065113,中欧,综合,2,0.00%,73.47
80560407,朱雀,制造业,4,23.55%,"35,830.12"
80560407,朱雀,交通运输、仓储和邮政业,4,7.77%,"11,818.12"
80560407,朱雀,农、林、牧、渔业,4,7.59%,"11,546.87"
80560407,朱雀,信息传输、软件和信息技术服务业,4,5.60%,"8,527.60"
80560407,朱雀,金融业,4,4.66%,"7,089.54"
80560407,朱雀,采矿业,4,3.92%,"5,971.24"
80560407,朱雀,科学研究和技术服务业,4,0.99%,"1,504.92"
80046614,中海,制造业,25,36.17%,"376,892.86"
80046614,中海,信息传输、软件和信息技术服务业,21,9.50%,"99,017.02"
80046614,中海,金融业,16,7.61%,"79,329.43"
80046614,中海,卫生和社会工作,8,3.76%,"39,200.58"
80046614,中海,科学研究和技术服务业,22,2.15%,"22,436.54"
80046614,中海,批发和零售业,20,2.14%,"22,317.93"
80046614,中海,建筑业,7,1.81%,"18,881.38"
80046614,中海,房地产业,10,1.38%,"14,390.42"
80046614,中海,文化、体育和娱乐业,7,0.56%,"5,818.55"
80046614,中海,农、林、牧、渔业,3,0.29%,"2,999.08"
80046614,中海,采矿业,3,0.12%,"1,258.99"
80046614,中海,水利、环境和公共设施管理业,1,0.01%,126.55
80046614,中海,交通运输、仓储和邮政业,3,0.01%,112.82
80046614,中海,租赁和商务服务业,1,0.01%,77.95
80046614,中海,住宿和餐饮业,1,0.00%,48.96
80000237,银河,制造业,71,12.41%,"1,159,545.00"
80000237,银河,信息传输、软件和信息技术服务业,66,3.27%,"305,315.61"
80000237,银河,金融业,53,1.91%,"178,762.34"
80000237,银河,科学研究和技术服务业,63,0.58%,"54,158.22"
80000237,银河,卫生和社会工作,28,0.40%,"37,317.94"
80000237,银河,房地产业,38,0.27%,"25,142.56"
80000237,银河,批发和零售业,67,0.19%,"18,070.28"
80000237,银河,建筑业,23,0.17%,"16,311.55"
80000237,银河,采矿业,30,0.14%,"12,718.60"
80000237,银河,电力、热力、燃气及水生产和供应业,15,0.13%,"12,117.95"
80000237,银河,交通运输、仓储和邮政业,26,0.07%,"6,795.63"
80000237,银河,租赁和商务服务业,25,0.05%,"4,801.10"
80000237,银河,文化、体育和娱乐业,14,0.04%,"3,703.68"
80000237,银河,农、林、牧、渔业,23,0.03%,"2,500.26"
80000237,银河,水利、环境和公共设施管理业,16,0.01%,"1,387.75"
80356155,永赢,金融业,15,1.97%,"350,568.94"
80356155,永赢,制造业,15,1.18%,"208,909.79"
80356155,永赢,房地产业,12,0.44%,"78,141.13"
80356155,永赢,交通运输、仓储和邮政业,12,0.08%,"14,257.36"
80356155,永赢,信息传输、软件和信息技术服务业,10,0.06%,"9,785.69"
80356155,永赢,文化、体育和娱乐业,8,0.03%,"5,810.25"
80356155,永赢,批发和零售业,11,0.03%,"4,894.69"
80356155,永赢,农、林、牧、渔业,8,0.03%,"4,502.94"
80356155,永赢,卫生和社会工作,9,0.01%,"1,207.17"
80356155,永赢,科学研究和技术服务业,13,0.00%,733.39
80356155,永赢,电力、热力、燃气及水生产和供应业,4,0.00%,667.71
80356155,永赢,采矿业,2,0.00%,661.63
80356155,永赢,建筑业,2,0.00%,615.86
80356155,永赢,租赁和商务服务业,4,0.00%,312.37
80356155,永赢,水利、环境和公共设施管理业,4,0.00%,145.31
80356155,永赢,教育,2,0.00%,30.06
80046522,益民,制造业,7,68.28%,"94,914.33"
80046522,益民,批发和零售业,4,3.75%,"5,206.62"
80046522,益民,交通运输、仓储和邮政业,5,2.92%,"4,060.32"
80046522,益民,租赁和商务服务业,3,1.19%,"1,649.16"
80046522,益民,信息传输、软件和信息技术服务业,7,0.86%,"1,194.80"
80046522,益民,农、林、牧、渔业,6,0.83%,"1,154.48"
80046522,益民,金融业,6,0.68%,940.01
80046522,益民,房地产业,4,0.38%,530.00
80046522,益民,卫生和社会工作,5,0.30%,418.97
80046522,益民,建筑业,5,0.29%,396.13
80046522,益民,科学研究和技术服务业,5,0.12%,160.09
80046522,益民,水利、环境和公共设施管理业,2,0.01%,12.09
80046522,益民,文化、体育和娱乐业,2,0.01%,10.46
80046522,益民,采矿业,3,0.00%,0.89
80280036,圆信永丰,制造业,18,23.97%,"279,364.19"
80280036,圆信永丰,房地产业,14,4.29%,"49,959.42"
80280036,圆信永丰,信息传输、软件和信息技术服务业,15,3.13%,"36,508.04"
80280036,圆信永丰,金融业,15,2.25%,"26,234.63"
80280036,圆信永丰,水利、环境和公共设施管理业,12,1.24%,"14,415.28"
80280036,圆信永丰,批发和零售业,16,1.05%,"12,192.96"
80280036,圆信永丰,卫生和社会工作,11,0.91%,"10,618.90"
80280036,圆信永丰,交通运输、仓储和邮政业,5,0.88%,"10,203.85"
80280036,圆信永丰,采矿业,8,0.56%,"6,496.28"
80280036,圆信永丰,科学研究和技术服务业,16,0.26%,"2,995.17"
80280036,圆信永丰,文化、体育和娱乐业,7,0.16%,"1,841.62"
80000229,易方达,制造业,155,13.77%,"11,151,148.06"
80000229,易方达,金融业,133,2.42%,"1,958,118.17"
80000229,易方达,信息传输、软件和信息技术服务业,111,1.56%,"1,263,257.12"
80000229,易方达,交通运输、仓储和邮政业,132,0.81%,"659,436.46"
80000229,易方达,房地产业,100,0.61%,"494,498.53"
80000229,易方达,卫生和社会工作,38,0.42%,"341,633.54"
80000229,易方达,电力、热力、燃气及水生产和供应业,75,0.39%,"312,768.33"
80000229,易方达,建筑业,76,0.35%,"285,854.84"
80000229,易方达,农、林、牧、渔业,28,0.31%,"248,478.74"
80000229,易方达,采矿业,78,0.29%,"236,195.26"
80000229,易方达,科学研究和技术服务业,133,0.24%,"191,477.59"
80000229,易方达,文化、体育和娱乐业,42,0.22%,"179,142.37"
80000229,易方达,租赁和商务服务业,44,0.15%,"120,164.41"
80000229,易方达,批发和零售业,137,0.12%,"98,066.89"
80000229,易方达,水利、环境和公共设施管理业,22,0.03%,"21,468.54"
80000229,易方达,教育,11,0.02%,"12,155.65"
80000229,易方达,综合,8,0.01%,"5,829.11"
80000229,易方达,住宿和餐饮业,3,0.00%,307.56
80175498,英大,制造业,10,1.97%,"17,897.57"
80175498,英大,金融业,10,1.72%,"15,631.75"
80175498,英大,信息传输、软件和信息技术服务业,7,0.69%,"6,290.14"
80175498,英大,房地产业,10,0.60%,"5,462.25"
80175498,英大,采矿业,10,0.27%,"2,455.19"
80175498,英大,建筑业,7,0.08%,720.87
80175498,英大,租赁和商务服务业,7,0.08%,699.36
80175498,英大,文化、体育和娱乐业,7,0.06%,504.56
80175498,英大,电力、热力、燃气及水生产和供应业,4,0.05%,475.57
80175498,英大,科学研究和技术服务业,10,0.05%,444.41
80175498,英大,卫生和社会工作,3,0.02%,223.86
80175498,英大,农、林、牧、渔业,3,0.02%,212.10
80175498,英大,批发和零售业,10,0.01%,50.27
80175498,英大,教育,3,0.00%,25.27
80175498,英大,水利、环境和公共设施管理业,3,0.00%,23.79
80000235,银华,制造业,107,10.13%,"3,635,446.23"
80000235,银华,信息传输、软件和信息技术服务业,94,1.65%,"592,502.89"
80000235,银华,金融业,76,0.67%,"241,492.00"
80000235,银华,卫生和社会工作,33,0.41%,"145,589.49"
80000235,银华,农、林、牧、渔业,43,0.36%,"129,598.94"
80000235,银华,房地产业,52,0.26%,"91,746.43"
80000235,银华,采矿业,65,0.24%,"85,541.84"
80000235,银华,科学研究和技术服务业,63,0.23%,"81,869.16"
80000235,银华,交通运输、仓储和邮政业,39,0.14%,"48,964.36"
80000235,银华,文化、体育和娱乐业,48,0.12%,"43,539.81"
80000235,银华,电力、热力、燃气及水生产和供应业,29,0.12%,"43,101.28"
80000235,银华,租赁和商务服务业,49,0.12%,"41,263.67"
80000235,银华,建筑业,29,0.11%,"40,287.81"
80000235,银华,批发和零售业,85,0.11%,"39,526.44"
80000235,银华,教育,19,0.03%,"9,096.25"
80000235,银华,水利、环境和公共设施管理业,24,0.02%,"6,560.94"
80000235,银华,综合,10,0.00%,571.08
80000235,银华,住宿和餐饮业,7,0.00%,343.34
80501166,先锋,制造业,10,2.25%,"3,504.92"
80501166,先锋,金融业,10,1.10%,"1,704.95"
80501166,先锋,信息传输、软件和信息技术服务业,10,0.20%,310.65
80501166,先锋,文化、体育和娱乐业,2,0.08%,118.00
80501166,先锋,卫生和社会工作,2,0.08%,117.35
80501166,先锋,水利、环境和公共设施管理业,6,0.07%,103.98
80501166,先锋,交通运输、仓储和邮政业,4,0.04%,68.81
80501166,先锋,房地产业,4,0.03%,46.06
80501166,先锋,科学研究和技术服务业,8,0.03%,43.37
80501166,先锋,建筑业,2,0.01%,12.03
80501166,先锋,批发和零售业,4,0.01%,11.80
80501166,先锋,综合,2,0.01%,11.29
80501166,先锋,电力、热力、燃气及水生产和供应业,2,0.01%,11.24
80501166,先锋,采矿业,4,0.00%,7.27
80501166,先锋,农、林、牧、渔业,2,0.00%,3.55
80501166,先锋,租赁和商务服务业,2,0.00%,2.69
80280397,湘财,制造业,4,25.53%,"11,603.44"
80280397,湘财,信息传输、软件和信息技术服务业,4,6.13%,"2,787.68"
80280397,湘财,金融业,4,2.19%,995.69
80280397,湘财,房地产业,4,2.14%,974.39
80280397,湘财,文化、体育和娱乐业,4,1.44%,652.88
80280397,湘财,批发和零售业,4,0.90%,410.91
80280397,湘财,科学研究和技术服务业,4,0.87%,396.74
80280397,湘财,采矿业,4,0.86%,391.05
80280397,湘财,建筑业,4,0.83%,377.20
80280397,湘财,农、林、牧、渔业,4,0.59%,268.86
80280397,湘财,交通运输、仓储和邮政业,4,0.12%,55.72
80280395,兴业,制造业,20,0.46%,"95,471.64"
80280395,兴业,金融业,20,0.26%,"54,302.95"
80280395,兴业,房地产业,16,0.06%,"12,846.24"
80280395,兴业,信息传输、软件和信息技术服务业,19,0.05%,"9,925.37"
80280395,兴业,交通运输、仓储和邮政业,8,0.04%,"8,408.69"
80280395,兴业,采矿业,8,0.02%,"4,155.80"
80280395,兴业,建筑业,8,0.02%,"3,556.09"
80280395,兴业,批发和零售业,19,0.02%,"3,549.99"
80280395,兴业,电力、热力、燃气及水生产和供应业,3,0.01%,"2,631.28"
80280395,兴业,租赁和商务服务业,6,0.01%,"2,296.51"
80280395,兴业,水利、环境和公共设施管理业,3,0.01%,"1,362.39"
80280395,兴业,科学研究和技术服务业,14,0.01%,"1,348.93"
80280395,兴业,卫生和社会工作,4,0.01%,"1,258.55"
80280395,兴业,文化、体育和娱乐业,5,0.00%,968.39
80452130,新沃,制造业,1,0.29%,"1,150.72"
80452130,新沃,信息传输、软件和信息技术服务业,1,0.12%,461.63
80452130,新沃,批发和零售业,1,0.01%,41.46
80368700,兴银,制造业,8,0.63%,"18,498.04"
80368700,兴银,批发和零售业,7,0.10%,"2,792.39"
80368700,兴银,信息传输、软件和信息技术服务业,7,0.07%,"2,096.36"
80368700,兴银,金融业,5,0.06%,"1,841.33"
80368700,兴银,科学研究和技术服务业,5,0.05%,"1,574.28"
80368700,兴银,农、林、牧、渔业,4,0.04%,"1,270.08"
80368700,兴银,文化、体育和娱乐业,4,0.04%,"1,063.06"
80368700,兴银,水利、环境和公共设施管理业,3,0.02%,614.94
80368700,兴银,电力、热力、燃气及水生产和供应业,3,0.02%,578.26
80368700,兴银,卫生和社会工作,3,0.01%,340.54
80368700,兴银,交通运输、仓储和邮政业,3,0.01%,327.30
80368700,兴银,采矿业,2,0.01%,174.61
80368700,兴银,建筑业,4,0.01%,169.16
80368700,兴银,房地产业,5,0.00%,128.18
80368700,兴银,租赁和商务服务业,2,0.00%,104.88
80368700,兴银,教育,1,0.00%,36.71
80000249,新华,制造业,46,14.25%,"365,252.79"
80000249,新华,金融业,39,2.51%,"64,336.11"
80000249,新华,房地产业,25,1.59%,"40,674.06"
80000249,新华,信息传输、软件和信息技术服务业,33,1.14%,"29,272.84"
80000249,新华,科学研究和技术服务业,27,0.54%,"13,731.65"
80000249,新华,文化、体育和娱乐业,16,0.47%,"12,046.64"
80000249,新华,批发和零售业,39,0.46%,"11,766.59"
80000249,新华,建筑业,27,0.41%,"10,383.05"
80000249,新华,采矿业,18,0.28%,"7,153.91"
80000249,新华,农、林、牧、渔业,13,0.23%,"5,960.99"
80000249,新华,教育,5,0.21%,"5,368.72"
80000249,新华,交通运输、仓储和邮政业,18,0.20%,"5,200.96"
80000249,新华,电力、热力、燃气及水生产和供应业,10,0.08%,"2,112.76"
80000249,新华,租赁和商务服务业,11,0.08%,"2,024.44"
80000249,新华,卫生和社会工作,9,0.07%,"1,905.59"
80000249,新华,住宿和餐饮业,3,0.06%,"1,620.45"
80000249,新华,水利、环境和公共设施管理业,13,0.03%,655.59
80000249,新华,综合,2,0.00%,11.98
80074234,信达澳银,制造业,21,52.01%,"1,028,714.83"
80074234,信达澳银,信息传输、软件和信息技术服务业,20,12.44%,"246,130.25"
80074234,信达澳银,金融业,20,4.80%,"94,979.99"
80074234,信达澳银,交通运输、仓储和邮政业,11,0.74%,"14,684.25"
80074234,信达澳银,批发和零售业,13,0.72%,"14,215.89"
80074234,信达澳银,电力、热力、燃气及水生产和供应业,14,0.63%,"12,455.22"
80074234,信达澳银,房地产业,15,0.50%,"9,835.74"
80074234,信达澳银,建筑业,14,0.36%,"7,121.40"
80074234,信达澳银,采矿业,13,0.26%,"5,209.06"
80074234,信达澳银,卫生和社会工作,10,0.19%,"3,715.86"
80074234,信达澳银,文化、体育和娱乐业,7,0.15%,"2,947.45"
80074234,信达澳银,教育,10,0.13%,"2,615.63"
80074234,信达澳银,租赁和商务服务业,17,0.12%,"2,442.20"
80074234,信达澳银,科学研究和技术服务业,17,0.08%,"1,650.71"
80074234,信达澳银,农、林、牧、渔业,8,0.08%,"1,636.95"
80074234,信达澳银,综合,5,0.02%,316.47
80074234,信达澳银,水利、环境和公共设施管理业,8,0.01%,288.57
80074234,信达澳银,住宿和餐饮业,3,0.00%,30.95
80036742,兴证全球,制造业,25,14.36%,"4,759,327.47"
80036742,兴证全球,房地产业,25,2.66%,"881,340.06"
80036742,兴证全球,金融业,25,2.10%,"694,622.92"
80036742,兴证全球,批发和零售业,23,1.88%,"623,093.48"
80036742,兴证全球,信息传输、软件和信息技术服务业,25,1.28%,"424,083.51"
80036742,兴证全球,采矿业,16,1.07%,"354,814.56"
80036742,兴证全球,文化、体育和娱乐业,23,1.05%,"348,415.09"
80036742,兴证全球,交通运输、仓储和邮政业,18,0.86%,"283,855.07"
80036742,兴证全球,卫生和社会工作,19,0.58%,"193,859.65"
80036742,兴证全球,科学研究和技术服务业,16,0.19%,"62,968.36"
80036742,兴证全球,租赁和商务服务业,6,0.08%,"25,496.26"
80036742,兴证全球,住宿和餐饮业,11,0.06%,"19,894.26"
80036742,兴证全球,教育,10,0.05%,"16,640.73"
80036742,兴证全球,建筑业,4,0.03%,"11,335.74"
80036742,兴证全球,电力、热力、燃气及水生产和供应业,6,0.03%,"9,869.10"
80036742,兴证全球,水利、环境和公共设施管理业,11,0.03%,"9,387.66"
80036742,兴证全球,农、林、牧、渔业,6,0.01%,"2,490.69"
80036742,兴证全球,综合,1,0.00%,110.44
80147736,西部利得,制造业,29,2.03%,"95,186.64"
80147736,西部利得,金融业,25,0.60%,"28,057.27"
80147736,西部利得,信息传输、软件和信息技术服务业,25,0.31%,"14,331.13"
80147736,西部利得,房地产业,15,0.23%,"10,665.57"
80147736,西部利得,建筑业,11,0.14%,"6,513.20"
80147736,西部利得,交通运输、仓储和邮政业,19,0.09%,"4,081.46"
80147736,西部利得,采矿业,13,0.08%,"3,558.05"
80147736,西部利得,批发和零售业,20,0.06%,"2,602.02"
80147736,西部利得,电力、热力、燃气及水生产和供应业,9,0.05%,"2,327.75"
80147736,西部利得,文化、体育和娱乐业,15,0.05%,"2,300.90"
80147736,西部利得,农、林、牧、渔业,14,0.05%,"2,186.36"
80147736,西部利得,科学研究和技术服务业,22,0.04%,"2,023.67"
80147736,西部利得,水利、环境和公共设施管理业,11,0.04%,"1,809.35"
80147736,西部利得,租赁和商务服务业,8,0.03%,"1,604.47"
80147736,西部利得,卫生和社会工作,11,0.02%,725.33
80147736,西部利得,教育,5,0.01%,301.98
80147736,西部利得,综合,1,0.00%,3.29
80000240,万家,制造业,62,7.05%,"1,052,676.67"
80000240,万家,信息传输、软件和信息技术服务业,52,2.90%,"432,734.97"
80000240,万家,房地产业,43,1.57%,"234,026.58"
80000240,万家,科学研究和技术服务业,54,1.43%,"213,027.11"
80000240,万家,金融业,38,0.92%,"137,911.30"
80000240,万家,卫生和社会工作,11,0.38%,"56,486.70"
80000240,万家,文化、体育和娱乐业,30,0.36%,"53,982.87"
80000240,万家,交通运输、仓储和邮政业,18,0.36%,"53,912.41"
80000240,万家,农、林、牧、渔业,19,0.30%,"45,442.70"
80000240,万家,建筑业,33,0.19%,"28,924.16"
80000240,万家,批发和零售业,53,0.11%,"15,818.77"
80000240,万家,水利、环境和公共设施管理业,38,0.06%,"9,671.50"
80000240,万家,采矿业,16,0.04%,"5,964.01"
80000240,万家,电力、热力、燃气及水生产和供应业,12,0.03%,"4,646.78"
80000240,万家,综合,3,0.01%,"1,578.32"
80000240,万家,租赁和商务服务业,10,0.01%,"1,539.12"
80000240,万家,教育,6,0.00%,56.44
80061674,泰康资产,制造业,33,13.58%,"871,378.33"
80061674,泰康资产,金融业,31,4.75%,"304,862.94"
80061674,泰康资产,信息传输、软件和信息技术服务业,31,2.28%,"146,154.77"
80061674,泰康资产,房地产业,14,0.81%,"52,058.13"
80061674,泰康资产,文化、体育和娱乐业,19,0.47%,"30,330.33"
80061674,泰康资产,交通运输、仓储和邮政业,22,0.43%,"27,723.32"
80061674,泰康资产,建筑业,7,0.35%,"22,710.59"
80061674,泰康资产,电力、热力、燃气及水生产和供应业,14,0.34%,"21,525.42"
80061674,泰康资产,卫生和社会工作,16,0.33%,"20,941.05"
80061674,泰康资产,采矿业,4,0.32%,"20,318.44"
80061674,泰康资产,租赁和商务服务业,10,0.24%,"15,633.77"
80061674,泰康资产,农、林、牧、渔业,8,0.23%,"14,592.14"
80061674,泰康资产,批发和零售业,26,0.15%,"9,782.28"
80061674,泰康资产,科学研究和技术服务业,25,0.08%,"5,253.10"
80061674,泰康资产,水利、环境和公共设施管理业,10,0.04%,"2,564.74"
80061674,泰康资产,教育,5,0.01%,892.36
80000252,天治,制造业,13,20.83%,"50,490.42"
80000252,天治,信息传输、软件和信息技术服务业,11,6.04%,"14,626.87"
80000252,天治,金融业,13,5.92%,"14,349.23"
80000252,天治,采矿业,3,2.10%,"5,077.92"
80000252,天治,房地产业,10,1.87%,"4,523.04"
80000252,天治,交通运输、仓储和邮政业,8,0.72%,"1,742.09"
80000252,天治,批发和零售业,12,0.59%,"1,421.52"
80000252,天治,科学研究和技术服务业,11,0.48%,"1,167.46"
80000252,天治,建筑业,6,0.33%,802.81
80000252,天治,卫生和社会工作,7,0.32%,769.63
80000252,天治,文化、体育和娱乐业,5,0.15%,367.84
80000252,天治,农、林、牧、渔业,5,0.09%,207.76
80000252,天治,租赁和商务服务业,2,0.05%,128.35
80000247,泰信,制造业,20,35.42%,"115,754.38"
80000247,泰信,信息传输、软件和信息技术服务业,21,6.47%,"21,156.81"
80000247,泰信,农、林、牧、渔业,8,3.50%,"11,430.18"
80000247,泰信,科学研究和技术服务业,19,3.42%,"11,166.66"
80000247,泰信,房地产业,9,2.11%,"6,890.73"
80000247,泰信,文化、体育和娱乐业,11,1.54%,"5,033.36"
80000247,泰信,交通运输、仓储和邮政业,14,1.44%,"4,711.98"
80000247,泰信,金融业,18,1.17%,"3,823.84"
80000247,泰信,建筑业,7,0.49%,"1,613.67"
80000247,泰信,批发和零售业,9,0.47%,"1,524.35"
80000247,泰信,水利、环境和公共设施管理业,9,0.20%,668.88
80000247,泰信,综合,1,0.12%,389.84
80000247,泰信,卫生和社会工作,6,0.12%,377.98
80000247,泰信,租赁和商务服务业,7,0.09%,301.42
80000247,泰信,采矿业,5,0.09%,287.18
80000247,泰信,电力、热力、燃气及水生产和供应业,4,0.05%,174.89
80000247,泰信,教育,1,0.01%,18.67
80000247,泰信,住宿和餐饮业,3,0.00%,6.06
80560408,同泰,制造业,8,55.19%,"22,188.61"
80560408,同泰,建筑业,6,8.36%,"3,362.76"
80560408,同泰,信息传输、软件和信息技术服务业,8,4.59%,"1,847.13"
80560408,同泰,交通运输、仓储和邮政业,6,2.67%,"1,072.49"
80560408,同泰,金融业,8,2.64%,"1,062.79"
80560408,同泰,科学研究和技术服务业,8,2.48%,996.25
80560408,同泰,电力、热力、燃气及水生产和供应业,4,2.20%,884.72
80560408,同泰,文化、体育和娱乐业,6,0.76%,305.90
80560408,同泰,水利、环境和公共设施管理业,8,0.67%,269.76
80560408,同泰,采矿业,6,0.52%,209.02
80560408,同泰,房地产业,6,0.36%,144.08
80560408,同泰,农、林、牧、渔业,2,0.28%,112.20
80560408,同泰,批发和零售业,8,0.02%,7.66
80560408,同泰,租赁和商务服务业,2,0.01%,3.36
80000238,泰达宏利,制造业,49,13.38%,"546,685.68"
80000238,泰达宏利,信息传输、软件和信息技术服务业,46,1.99%,"81,164.91"
80000238,泰达宏利,金融业,45,1.66%,"67,923.22"
80000238,泰达宏利,房地产业,38,0.70%,"28,468.86"
80000238,泰达宏利,交通运输、仓储和邮政业,32,0.37%,"15,200.19"
80000238,泰达宏利,文化、体育和娱乐业,18,0.35%,"14,383.73"
80000238,泰达宏利,采矿业,29,0.29%,"11,892.70"
80000238,泰达宏利,科学研究和技术服务业,47,0.28%,"11,642.84"
80000238,泰达宏利,建筑业,30,0.24%,"9,919.16"
80000238,泰达宏利,农、林、牧、渔业,22,0.20%,"8,150.89"
80000238,泰达宏利,批发和零售业,46,0.19%,"7,788.02"
80000238,泰达宏利,租赁和商务服务业,25,0.14%,"5,816.47"
80000238,泰达宏利,电力、热力、燃气及水生产和供应业,29,0.13%,"5,419.42"
80000238,泰达宏利,教育,8,0.09%,"3,690.13"
80000238,泰达宏利,卫生和社会工作,10,0.03%,"1,213.26"
80000238,泰达宏利,住宿和餐饮业,8,0.03%,"1,069.14"
80000238,泰达宏利,水利、环境和公共设施管理业,7,0.00%,135.93
80294346,太平,制造业,4,3.67%,"58,116.02"
80294346,太平,金融业,4,0.71%,"11,297.11"
80294346,太平,建筑业,3,0.60%,"9,535.88"
80294346,太平,信息传输、软件和信息技术服务业,4,0.49%,"7,682.69"
80294346,太平,房地产业,3,0.33%,"5,283.90"
80294346,太平,批发和零售业,4,0.08%,"1,208.46"
80294346,太平,采矿业,3,0.08%,"1,206.54"
80294346,太平,电力、热力、燃气及水生产和供应业,3,0.07%,"1,052.90"
80294346,太平,水利、环境和公共设施管理业,1,0.04%,700.10
80294346,太平,交通运输、仓储和邮政业,2,0.01%,204.00
80294346,太平,卫生和社会工作,2,0.01%,98.45
80294346,太平,科学研究和技术服务业,4,0.01%,95.76
80366080,上银,制造业,4,0.53%,"35,500.85"
80366080,上银,金融业,4,0.26%,"16,992.40"
80366080,上银,交通运输、仓储和邮政业,4,0.07%,"4,763.81"
80366080,上银,房地产业,4,0.04%,"2,912.28"
80366080,上银,批发和零售业,4,0.04%,"2,495.04"
80366080,上银,建筑业,4,0.03%,"1,815.97"
80366080,上银,电力、热力、燃气及水生产和供应业,2,0.02%,"1,475.72"
80366080,上银,信息传输、软件和信息技术服务业,4,0.02%,"1,385.69"
80366080,上银,租赁和商务服务业,3,0.01%,845.11
80366080,上银,农、林、牧、渔业,1,0.01%,581.40
80366080,上银,文化、体育和娱乐业,2,0.00%,206.61
80366080,上银,科学研究和技术服务业,4,0.00%,20.23
80000080,山西证券,制造业,3,2.61%,"19,847.38"
80000080,山西证券,采矿业,1,0.36%,"2,749.86"
80000080,山西证券,房地产业,1,0.28%,"2,132.29"
80000080,山西证券,交通运输、仓储和邮政业,1,0.20%,"1,546.69"
80000080,山西证券,金融业,3,0.20%,"1,517.98"
80000080,山西证券,信息传输、软件和信息技术服务业,3,0.18%,"1,386.14"
80000080,山西证券,卫生和社会工作,2,0.13%,"1,022.93"
80000080,山西证券,科学研究和技术服务业,2,0.07%,534.80
80000080,山西证券,文化、体育和娱乐业,2,0.03%,217.33
80000080,山西证券,批发和零售业,1,0.01%,41.98
80192219,上海光大证券,制造业,1,5.98%,"31,101.55"
80192219,上海光大证券,信息传输、软件和信息技术服务业,1,2.03%,"10,550.52"
80192219,上海光大证券,房地产业,1,0.44%,"2,275.85"
80050229,上投,制造业,56,14.73%,"1,778,248.27"
80050229,上投,信息传输、软件和信息技术服务业,55,1.44%,"173,783.59"
80050229,上投,房地产业,32,0.79%,"95,292.90"
80050229,上投,金融业,43,0.77%,"92,766.34"
80050229,上投,科学研究和技术服务业,41,0.60%,"72,744.94"
80050229,上投,农、林、牧、渔业,31,0.55%,"66,172.89"
80050229,上投,卫生和社会工作,23,0.28%,"34,083.74"
80050229,上投,教育,12,0.26%,"31,933.90"
80050229,上投,建筑业,10,0.17%,"20,364.19"
80050229,上投,电力、热力、燃气及水生产和供应业,20,0.14%,"17,459.28"
80050229,上投,批发和零售业,39,0.12%,"14,782.76"
80050229,上投,交通运输、仓储和邮政业,19,0.08%,"9,697.58"
80050229,上投,采矿业,12,0.07%,"8,138.43"
80050229,上投,租赁和商务服务业,15,0.02%,"2,104.55"
80050229,上投,水利、环境和公共设施管理业,24,0.01%,"1,701.43"
80050229,上投,居民服务、修理和其他服务业,4,0.00%,320.69
80050229,上投,文化、体育和娱乐业,5,0.00%,238.18
80045188,申万,制造业,57,24.71%,"854,287.55"
80045188,申万,金融业,39,12.44%,"430,245.36"
80045188,申万,信息传输、软件和信息技术服务业,51,3.02%,"104,498.30"
80045188,申万,房地产业,28,1.42%,"48,978.57"
80045188,申万,批发和零售业,53,0.60%,"20,624.37"
80045188,申万,电力、热力、燃气及水生产和供应业,21,0.58%,"19,903.29"
80045188,申万,建筑业,28,0.50%,"17,402.67"
80045188,申万,科学研究和技术服务业,53,0.49%,"17,002.36"
80045188,申万,农、林、牧、渔业,21,0.48%,"16,622.52"
80045188,申万,采矿业,21,0.45%,"15,516.34"
80045188,申万,卫生和社会工作,20,0.43%,"14,771.07"
80045188,申万,交通运输、仓储和邮政业,25,0.37%,"12,650.86"
80045188,申万,文化、体育和娱乐业,18,0.24%,"8,388.61"
80045188,申万,租赁和商务服务业,20,0.20%,"6,889.89"
80045188,申万,水利、环境和公共设施管理业,15,0.19%,"6,422.30"
80045188,申万,综合,10,0.03%,"1,041.43"
80045188,申万,教育,6,0.03%,883.34
80145102,上海东方,制造业,47,30.33%,"3,583,731.62"
80145102,上海东方,房地产业,43,7.01%,"828,093.03"
80145102,上海东方,信息传输、软件和信息技术服务业,47,4.18%,"494,467.23"
80145102,上海东方,租赁和商务服务业,29,2.73%,"323,045.14"
80145102,上海东方,金融业,39,1.58%,"186,846.67"
80145102,上海东方,批发和零售业,40,0.69%,"81,599.61"
80145102,上海东方,交通运输、仓储和邮政业,44,0.60%,"71,397.89"
80145102,上海东方,采矿业,21,0.32%,"38,135.88"
80145102,上海东方,建筑业,24,0.31%,"36,728.00"
80145102,上海东方,科学研究和技术服务业,36,0.18%,"21,702.66"
80145102,上海东方,文化、体育和娱乐业,12,0.13%,"15,350.53"
80145102,上海东方,水利、环境和公共设施管理业,10,0.10%,"12,248.49"
80145102,上海东方,卫生和社会工作,4,0.07%,"8,230.33"
80145102,上海东方,电力、热力、燃气及水生产和供应业,4,0.03%,"3,889.41"
80145102,上海东方,教育,2,0.02%,"2,601.41"
80145102,上海东方,农、林、牧、渔业,3,0.02%,"2,357.02"
80000231,融通,制造业,57,18.75%,"2,529,289.72"
80000231,融通,信息传输、软件和信息技术服务业,50,2.83%,"381,965.25"
80000231,融通,金融业,53,1.24%,"167,892.77"
80000231,融通,房地产业,28,0.39%,"52,470.17"
80000231,融通,批发和零售业,51,0.38%,"51,855.27"
80000231,融通,农、林、牧、渔业,26,0.34%,"46,426.76"
80000231,融通,卫生和社会工作,27,0.26%,"35,595.10"
80000231,融通,租赁和商务服务业,26,0.20%,"26,453.34"
80000231,融通,科学研究和技术服务业,55,0.16%,"21,866.72"
80000231,融通,交通运输、仓储和邮政业,29,0.15%,"20,443.83"
80000231,融通,建筑业,16,0.09%,"12,209.88"
80000231,融通,文化、体育和娱乐业,10,0.09%,"11,559.78"
80000231,融通,采矿业,26,0.06%,"8,265.57"
80000231,融通,教育,20,0.06%,"8,231.10"
80000231,融通,水利、环境和公共设施管理业,10,0.02%,"3,328.04"
80000231,融通,电力、热力、燃气及水生产和供应业,6,0.01%,"1,047.40"
80000231,融通,综合,3,0.00%,261.63
80672691,睿远,制造业,2,73.91%,"871,812.53"
80672691,睿远,信息传输、软件和信息技术服务业,2,7.92%,"93,414.66"
80672691,睿远,房地产业,2,0.70%,"8,208.00"
80672691,睿远,水利、环境和公共设施管理业,2,0.40%,"4,660.93"
80672691,睿远,科学研究和技术服务业,2,0.27%,"3,144.72"
80672691,睿远,批发和零售业,2,0.00%,6.17
80061431,人保资产,制造业,18,2.70%,"40,102.04"
80061431,人保资产,金融业,18,0.76%,"11,276.53"
80061431,人保资产,信息传输、软件和信息技术服务业,18,0.56%,"8,360.74"
80061431,人保资产,房地产业,16,0.18%,"2,652.78"
80061431,人保资产,建筑业,18,0.12%,"1,816.57"
80061431,人保资产,批发和零售业,14,0.11%,"1,641.56"
80061431,人保资产,交通运输、仓储和邮政业,10,0.09%,"1,316.63"
80061431,人保资产,农、林、牧、渔业,10,0.07%,"1,111.61"
80061431,人保资产,采矿业,10,0.07%,"1,083.23"
80061431,人保资产,文化、体育和娱乐业,18,0.06%,928.07
80061431,人保资产,电力、热力、燃气及水生产和供应业,4,0.05%,801.68
80061431,人保资产,租赁和商务服务业,12,0.05%,694.84
80061431,人保资产,科学研究和技术服务业,14,0.03%,471.15
80061431,人保资产,水利、环境和公共设施管理业,14,0.03%,394.64
80061431,人保资产,卫生和社会工作,8,0.03%,392.16
80061431,人保资产,教育,6,0.01%,140.20
80061431,人保资产,综合,3,0.01%,109.48
80061431,人保资产,住宿和餐饮业,3,0.00%,40.97
80280038,前海开源,制造业,109,17.04%,"929,224.62"
80280038,前海开源,信息传输、软件和信息技术服务业,75,3.45%,"188,351.75"
80280038,前海开源,采矿业,54,2.72%,"148,145.31"
80280038,前海开源,房地产业,36,1.24%,"67,433.62"
80280038,前海开源,批发和零售业,90,1.19%,"64,844.86"
80280038,前海开源,金融业,68,0.91%,"49,410.11"
80280038,前海开源,卫生和社会工作,26,0.41%,"22,363.42"
80280038,前海开源,电力、热力、燃气及水生产和供应业,27,0.37%,"20,059.27"
80280038,前海开源,文化、体育和娱乐业,23,0.28%,"15,185.96"
80280038,前海开源,农、林、牧、渔业,21,0.14%,"7,661.19"
80280038,前海开源,交通运输、仓储和邮政业,19,0.12%,"6,427.37"
80280038,前海开源,建筑业,23,0.11%,"5,860.33"
80280038,前海开源,租赁和商务服务业,21,0.07%,"4,055.16"
80280038,前海开源,科学研究和技术服务业,75,0.04%,"2,260.91"
80280038,前海开源,水利、环境和公共设施管理业,12,0.01%,623.94
80280038,前海开源,综合,6,0.00%,114.69
80280038,前海开源,住宿和餐饮业,6,0.00%,91.55
80280038,前海开源,教育,3,0.00%,63.97
80468996,前海联合,制造业,26,2.05%,"76,325.53"
80468996,前海联合,金融业,20,0.37%,"13,687.42"
80468996,前海联合,卫生和社会工作,18,0.20%,"7,397.90"
80468996,前海联合,信息传输、软件和信息技术服务业,12,0.09%,"3,403.90"
80468996,前海联合,房地产业,10,0.05%,"1,702.11"
80468996,前海联合,科学研究和技术服务业,20,0.05%,"1,696.27"
80468996,前海联合,电力、热力、燃气及水生产和供应业,6,0.04%,"1,627.41"
80468996,前海联合,采矿业,8,0.04%,"1,305.89"
80468996,前海联合,交通运输、仓储和邮政业,8,0.03%,"1,084.05"
80468996,前海联合,租赁和商务服务业,10,0.01%,522.46
80468996,前海联合,批发和零售业,16,0.01%,471.94
80468996,前海联合,文化、体育和娱乐业,4,0.01%,274.63
80468996,前海联合,建筑业,4,0.01%,245.87
80468996,前海联合,水利、环境和公共设施管理业,2,0.00%,22.73
80468996,前海联合,农、林、牧、渔业,2,0.00%,15.83
80468996,前海联合,教育,2,0.00%,9.34
80091787,浦银,制造业,36,2.14%,"426,338.29"
80091787,浦银,信息传输、软件和信息技术服务业,27,0.32%,"64,686.54"
80091787,浦银,批发和零售业,32,0.16%,"30,958.04"
80091787,浦银,科学研究和技术服务业,27,0.13%,"24,893.33"
80091787,浦银,金融业,24,0.09%,"18,648.75"
80091787,浦银,卫生和社会工作,9,0.08%,"15,539.07"
80091787,浦银,交通运输、仓储和邮政业,20,0.06%,"11,587.73"
80091787,浦银,采矿业,13,0.05%,"10,591.97"
80091787,浦银,水利、环境和公共设施管理业,15,0.02%,"3,239.50"
80091787,浦银,农、林、牧、渔业,8,0.01%,"2,876.55"
80091787,浦银,房地产业,13,0.01%,"2,420.91"
80091787,浦银,电力、热力、燃气及水生产和供应业,14,0.01%,"2,085.56"
80091787,浦银,建筑业,4,0.01%,"1,865.81"
80091787,浦银,租赁和商务服务业,8,0.00%,217.03
80091787,浦银,文化、体育和娱乐业,2,0.00%,175.03
80091787,浦银,住宿和餐饮业,4,0.00%,33.14
80168726,平安,制造业,59,2.82%,"1,111,117.01"
80168726,平安,金融业,31,0.40%,"157,855.43"
80168726,平安,信息传输、软件和信息技术服务业,47,0.24%,"96,304.95"
80168726,平安,房地产业,35,0.11%,"42,526.90"
80168726,平安,采矿业,17,0.09%,"37,013.16"
80168726,平安,批发和零售业,41,0.07%,"28,077.35"
80168726,平安,交通运输、仓储和邮政业,29,0.07%,"25,993.79"
80168726,平安,电力、热力、燃气及水生产和供应业,17,0.04%,"16,066.09"
80168726,平安,建筑业,14,0.03%,"11,426.19"
80168726,平安,卫生和社会工作,24,0.02%,"9,805.92"
80168726,平安,文化、体育和娱乐业,23,0.02%,"9,540.73"
80168726,平安,农、林、牧、渔业,21,0.02%,"9,112.32"
80168726,平安,租赁和商务服务业,19,0.02%,"8,932.48"
80168726,平安,科学研究和技术服务业,31,0.02%,"6,525.47"
80168726,平安,综合,9,0.01%,"2,588.83"
80168726,平安,水利、环境和公共设施管理业,8,0.01%,"2,258.82"
80168726,平安,住宿和餐饮业,10,0.00%,"1,417.21"
80168726,平安,教育,9,0.00%,613.89
80522693,鹏扬,金融业,22,3.38%,"150,734.90"
80522693,鹏扬,制造业,22,2.41%,"107,488.81"
80522693,鹏扬,采矿业,12,0.94%,"41,786.92"
80522693,鹏扬,建筑业,12,0.47%,"20,760.00"
80522693,鹏扬,房地产业,14,0.46%,"20,523.46"
80522693,鹏扬,交通运输、仓储和邮政业,16,0.41%,"18,374.96"
80522693,鹏扬,信息传输、软件和信息技术服务业,22,0.20%,"8,775.76"
80522693,鹏扬,文化、体育和娱乐业,14,0.19%,"8,344.40"
80522693,鹏扬,批发和零售业,16,0.15%,"6,662.79"
80522693,鹏扬,电力、热力、燃气及水生产和供应业,10,0.05%,"2,081.97"
80522693,鹏扬,教育,10,0.04%,"1,962.61"
80522693,鹏扬,卫生和社会工作,8,0.03%,"1,465.42"
80522693,鹏扬,农、林、牧、渔业,6,0.03%,"1,277.99"
80522693,鹏扬,科学研究和技术服务业,14,0.03%,"1,239.14"
80522693,鹏扬,水利、环境和公共设施管理业,6,0.01%,294.21
80522693,鹏扬,租赁和商务服务业,4,0.00%,190.57
80000230,鹏华,制造业,168,6.92%,"2,993,714.03"
80000230,鹏华,金融业,116,1.86%,"805,633.09"
80000230,鹏华,信息传输、软件和信息技术服务业,156,0.66%,"286,548.85"
80000230,鹏华,房地产业,78,0.31%,"132,397.31"
80000230,鹏华,交通运输、仓储和邮政业,104,0.18%,"78,913.07"
80000230,鹏华,科学研究和技术服务业,146,0.15%,"65,244.69"
80000230,鹏华,卫生和社会工作,49,0.13%,"58,123.41"
80000230,鹏华,租赁和商务服务业,55,0.10%,"44,562.53"
80000230,鹏华,批发和零售业,154,0.08%,"35,490.25"
80000230,鹏华,文化、体育和娱乐业,48,0.07%,"30,805.42"
80000230,鹏华,采矿业,61,0.07%,"29,268.90"
80000230,鹏华,水利、环境和公共设施管理业,47,0.05%,"22,016.60"
80000230,鹏华,建筑业,57,0.05%,"20,024.41"
80000230,鹏华,电力、热力、燃气及水生产和供应业,38,0.02%,"10,265.12"
80000230,鹏华,农、林、牧、渔业,28,0.02%,"6,986.18"
80000230,鹏华,综合,15,0.00%,"1,622.70"
80000230,鹏华,教育,16,0.00%,"1,275.92"
80000230,鹏华,住宿和餐饮业,5,0.00%,672.08
80092233,农银,制造业,40,4.19%,"963,945.58"
80092233,农银,信息传输、软件和信息技术服务业,38,1.08%,"248,796.96"
80092233,农银,卫生和社会工作,17,0.41%,"93,850.78"
80092233,农银,科学研究和技术服务业,30,0.39%,"90,473.69"
80092233,农银,金融业,20,0.24%,"54,436.79"
80092233,农银,房地产业,21,0.14%,"32,268.52"
80092233,农银,教育,12,0.09%,"20,209.00"
80092233,农银,批发和零售业,26,0.07%,"16,417.36"
80092233,农银,文化、体育和娱乐业,11,0.04%,"9,837.77"
80092233,农银,采矿业,10,0.02%,"3,519.86"
80092233,农银,交通运输、仓储和邮政业,17,0.01%,"3,136.13"
80092233,农银,农、林、牧、渔业,6,0.01%,"2,931.74"
80092233,农银,电力、热力、燃气及水生产和供应业,5,0.01%,"2,157.20"
80092233,农银,建筑业,6,0.01%,"2,148.84"
80092233,农银,租赁和商务服务业,8,0.01%,"2,036.30"
80092233,农银,水利、环境和公共设施管理业,10,0.00%,198.34
80092233,农银,综合,2,0.00%,91.57
80092233,农银,住宿和餐饮业,1,0.00%,28.59
80000220,南方,制造业,187,9.23%,"5,766,073.76"
80000220,南方,信息传输、软件和信息技术服务业,167,2.04%,"1,273,744.65"
80000220,南方,金融业,167,1.95%,"1,220,202.38"
80000220,南方,电力、热力、燃气及水生产和供应业,75,0.44%,"274,137.13"
80000220,南方,农、林、牧、渔业,84,0.42%,"263,354.06"
80000220,南方,房地产业,103,0.39%,"243,002.17"
80000220,南方,交通运输、仓储和邮政业,99,0.39%,"240,852.55"
80000220,南方,采矿业,71,0.38%,"235,363.00"
80000220,南方,批发和零售业,149,0.35%,"219,768.36"
80000220,南方,文化、体育和娱乐业,79,0.28%,"173,472.75"
80000220,南方,租赁和商务服务业,84,0.27%,"168,949.15"
80000220,南方,科学研究和技术服务业,159,0.14%,"88,236.96"
80000220,南方,卫生和社会工作,57,0.14%,"86,104.75"
80000220,南方,建筑业,75,0.13%,"81,624.23"
80000220,南方,水利、环境和公共设施管理业,82,0.13%,"78,196.96"
80000220,南方,综合,18,0.06%,"34,511.68"
80000220,南方,教育,36,0.05%,"29,809.75"
80000220,南方,住宿和餐饮业,16,0.03%,"17,042.57"
80555446,南华,制造业,7,1.36%,"4,732.78"
80555446,南华,信息传输、软件和信息技术服务业,7,0.35%,"1,226.51"
80555446,南华,金融业,3,0.13%,466.76
80555446,南华,卫生和社会工作,3,0.11%,392.08
80555446,南华,交通运输、仓储和邮政业,1,0.09%,329.02
80555446,南华,批发和零售业,1,0.05%,182.39
80555446,南华,文化、体育和娱乐业,1,0.03%,89.66
80555446,南华,房地产业,1,0.02%,85.83
80555446,南华,建筑业,1,0.02%,55.94
80555446,南华,农、林、牧、渔业,2,0.01%,26.89
80555446,南华,水利、环境和公共设施管理业,1,0.01%,21.65
80555446,南华,采矿业,1,0.00%,10.01
80555446,南华,租赁和商务服务业,1,0.00%,9.31
80049689,诺安,制造业,49,19.62%,"1,927,600.80"
80049689,诺安,信息传输、软件和信息技术服务业,49,1.26%,"123,400.81"
80049689,诺安,金融业,45,0.85%,"83,540.40"
80049689,诺安,采矿业,29,0.50%,"48,998.33"
80049689,诺安,批发和零售业,44,0.38%,"36,951.65"
80049689,诺安,交通运输、仓储和邮政业,36,0.25%,"24,775.65"
80049689,诺安,农、林、牧、渔业,21,0.23%,"22,985.95"
80049689,诺安,房地产业,29,0.22%,"21,554.29"
80049689,诺安,水利、环境和公共设施管理业,15,0.15%,"15,210.34"
80049689,诺安,电力、热力、燃气及水生产和供应业,16,0.14%,"14,215.12"
80049689,诺安,租赁和商务服务业,31,0.13%,"13,239.49"
80049689,诺安,科学研究和技术服务业,45,0.13%,"12,863.82"
80049689,诺安,建筑业,23,0.08%,"7,974.21"
80049689,诺安,文化、体育和娱乐业,21,0.04%,"3,592.55"
80049689,诺安,住宿和餐饮业,10,0.03%,"2,983.01"
80049689,诺安,卫生和社会工作,14,0.02%,"1,900.44"
80049689,诺安,综合,3,0.01%,738.63
80049689,诺安,教育,2,0.00%,349.73
80068180,诺德,制造业,25,13.68%,"204,910.22"
80068180,诺德,信息传输、软件和信息技术服务业,25,2.23%,"33,365.98"
80068180,诺德,批发和零售业,16,1.47%,"22,083.26"
80068180,诺德,金融业,17,0.93%,"13,953.08"
80068180,诺德,房地产业,13,0.53%,"7,873.52"
80068180,诺德,科学研究和技术服务业,14,0.32%,"4,848.91"
80068180,诺德,农、林、牧、渔业,10,0.31%,"4,701.69"
80068180,诺德,卫生和社会工作,16,0.26%,"3,876.58"
80068180,诺德,住宿和餐饮业,7,0.21%,"3,157.42"
80068180,诺德,租赁和商务服务业,11,0.14%,"2,144.17"
80068180,诺德,采矿业,7,0.05%,750.48
80068180,诺德,建筑业,6,0.04%,637.05
80068180,诺德,文化、体育和娱乐业,10,0.02%,358.03
80068180,诺德,交通运输、仓储和邮政业,10,0.02%,232.73
80068180,诺德,教育,4,0.01%,129.08
80068180,诺德,电力、热力、燃气及水生产和供应业,7,0.01%,99.16
80068180,诺德,水利、环境和公共设施管理业,4,0.00%,13.98
80068180,诺德,综合,3,0.00%,0.81
80106677,民生,制造业,38,3.00%,"465,929.82"
80106677,民生,信息传输、软件和信息技术服务业,35,0.71%,"110,261.63"
80106677,民生,批发和零售业,29,0.33%,"51,389.23"
80106677,民生,房地产业,22,0.32%,"49,218.13"
80106677,民生,交通运输、仓储和邮政业,18,0.26%,"39,888.70"
80106677,民生,金融业,27,0.20%,"30,459.73"
80106677,民生,卫生和社会工作,18,0.10%,"15,369.42"
80106677,民生,农、林、牧、渔业,15,0.07%,"11,510.87"
80106677,民生,文化、体育和娱乐业,9,0.06%,"8,834.67"
80106677,民生,采矿业,20,0.05%,"8,139.02"
80106677,民生,租赁和商务服务业,8,0.05%,"7,668.01"
80106677,民生,电力、热力、燃气及水生产和供应业,9,0.03%,"4,484.35"
80106677,民生,建筑业,17,0.02%,"3,598.40"
80106677,民生,水利、环境和公共设施管理业,9,0.01%,"1,450.27"
80106677,民生,科学研究和技术服务业,28,0.01%,991.80
80106677,民生,综合,2,0.00%,175.06
80106677,民生,住宿和餐饮业,1,0.00%,43.23
80106677,民生,教育,3,0.00%,38.48
80036797,摩根士丹利,制造业,22,13.66%,"345,918.43"
80036797,摩根士丹利,金融业,18,2.02%,"51,270.33"
80036797,摩根士丹利,信息传输、软件和信息技术服务业,20,1.68%,"42,549.35"
80036797,摩根士丹利,卫生和社会工作,13,0.62%,"15,770.42"
80036797,摩根士丹利,房地产业,16,0.60%,"15,210.19"
80036797,摩根士丹利,交通运输、仓储和邮政业,12,0.49%,"12,286.34"
80036797,摩根士丹利,批发和零售业,19,0.39%,"9,932.77"
80036797,摩根士丹利,农、林、牧、渔业,15,0.27%,"6,950.73"
80036797,摩根士丹利,科学研究和技术服务业,19,0.26%,"6,701.18"
80036797,摩根士丹利,建筑业,11,0.16%,"3,979.40"
80036797,摩根士丹利,采矿业,11,0.12%,"3,140.49"
80036797,摩根士丹利,水利、环境和公共设施管理业,11,0.10%,"2,442.70"
80036797,摩根士丹利,租赁和商务服务业,9,0.06%,"1,641.89"
80036797,摩根士丹利,文化、体育和娱乐业,8,0.05%,"1,177.90"
80036797,摩根士丹利,电力、热力、燃气及水生产和供应业,8,0.04%,"1,075.09"
80036797,摩根士丹利,教育,5,0.01%,271.19
80036797,摩根士丹利,综合,1,0.00%,3.36
80560381,凯石,制造业,13,27.71%,"31,485.04"
80560381,凯石,金融业,13,11.93%,"13,556.73"
80560381,凯石,卫生和社会工作,3,2.96%,"3,363.23"
80560381,凯石,房地产业,11,1.27%,"1,443.45"
80560381,凯石,采矿业,11,1.09%,"1,236.27"
80560381,凯石,农、林、牧、渔业,5,0.97%,"1,100.28"
80560381,凯石,信息传输、软件和信息技术服务业,9,0.78%,883.47
80560381,凯石,科学研究和技术服务业,9,0.62%,708.53
80560381,凯石,交通运输、仓储和邮政业,5,0.47%,529.17
80560381,凯石,建筑业,7,0.46%,527.74
80560381,凯石,电力、热力、燃气及水生产和供应业,5,0.31%,355.31
80560381,凯石,租赁和商务服务业,5,0.16%,177.35
80560381,凯石,教育,5,0.12%,135.25
80560381,凯石,文化、体育和娱乐业,3,0.05%,55.27
80560381,凯石,批发和零售业,11,0.01%,12.55
80086876,金元顺安,制造业,11,4.00%,"83,858.28"
80086876,金元顺安,金融业,8,1.04%,"21,859.63"
80086876,金元顺安,信息传输、软件和信息技术服务业,9,0.69%,"14,502.44"
80086876,金元顺安,建筑业,7,0.47%,"9,914.70"
80086876,金元顺安,批发和零售业,9,0.17%,"3,639.13"
80086876,金元顺安,科学研究和技术服务业,11,0.11%,"2,365.78"
80086876,金元顺安,卫生和社会工作,4,0.10%,"2,019.77"
80086876,金元顺安,农、林、牧、渔业,4,0.05%,"1,030.46"
80086876,金元顺安,交通运输、仓储和邮政业,5,0.05%,943.73
80086876,金元顺安,采矿业,3,0.04%,824.74
80086876,金元顺安,电力、热力、燃气及水生产和供应业,1,0.04%,824.13
80086876,金元顺安,房地产业,5,0.03%,574.44
80086876,金元顺安,水利、环境和公共设施管理业,1,0.02%,315.69
80086876,金元顺安,租赁和商务服务业,6,0.01%,229.64
80086876,金元顺安,文化、体育和娱乐业,1,0.01%,141.52
80086876,金元顺安,住宿和餐饮业,1,0.01%,136.84
80000245,金鹰,制造业,42,7.93%,"329,908.12"
80000245,金鹰,信息传输、软件和信息技术服务业,36,3.15%,"131,184.74"
80000245,金鹰,金融业,35,0.74%,"30,724.96"
80000245,金鹰,房地产业,19,0.46%,"18,978.44"
80000245,金鹰,农、林、牧、渔业,10,0.36%,"14,981.92"
80000245,金鹰,文化、体育和娱乐业,10,0.17%,"7,258.55"
80000245,金鹰,采矿业,13,0.17%,"7,011.07"
80000245,金鹰,批发和零售业,38,0.16%,"6,772.42"
80000245,金鹰,交通运输、仓储和邮政业,14,0.15%,"6,134.58"
80000245,金鹰,综合,9,0.15%,"6,122.43"
80000245,金鹰,科学研究和技术服务业,33,0.12%,"5,000.25"
80000245,金鹰,电力、热力、燃气及水生产和供应业,6,0.03%,"1,144.16"
80000245,金鹰,卫生和社会工作,6,0.02%,920.89
80000245,金鹰,水利、环境和公共设施管理业,12,0.02%,722.37
80000245,金鹰,建筑业,8,0.01%,470.39
80000245,金鹰,教育,4,0.01%,248.88
80000245,金鹰,租赁和商务服务业,3,0.00%,129.02
80384640,九泰,制造业,18,48.98%,"322,851.17"
80384640,九泰,交通运输、仓储和邮政业,11,4.63%,"30,526.89"
80384640,九泰,信息传输、软件和信息技术服务业,12,3.22%,"21,209.37"
80384640,九泰,批发和零售业,13,3.01%,"19,858.67"
80384640,九泰,房地产业,11,2.99%,"19,694.02"
80384640,九泰,卫生和社会工作,6,2.12%,"13,985.08"
80384640,九泰,农、林、牧、渔业,8,2.09%,"13,778.73"
80384640,九泰,金融业,15,2.06%,"13,587.86"
80384640,九泰,建筑业,9,1.11%,"7,309.42"
80384640,九泰,采矿业,9,1.02%,"6,707.04"
80384640,九泰,电力、热力、燃气及水生产和供应业,6,0.82%,"5,425.20"
80384640,九泰,租赁和商务服务业,8,0.53%,"3,500.66"
80384640,九泰,文化、体育和娱乐业,10,0.46%,"3,007.45"
80384640,九泰,科学研究和技术服务业,16,0.40%,"2,668.42"
80384640,九泰,教育,4,0.18%,"1,186.83"
80384640,九泰,水利、环境和公共设施管理业,6,0.03%,195.77
80384640,九泰,综合,3,0.03%,168.79
80384640,九泰,住宿和餐饮业,1,0.02%,144.14
80446423,金信,金融业,4,5.56%,"14,866.38"
80446423,金信,制造业,13,5.28%,"14,116.88"
80446423,金信,信息传输、软件和信息技术服务业,13,1.45%,"3,880.01"
80446423,金信,卫生和社会工作,7,0.93%,"2,490.69"
80446423,金信,科学研究和技术服务业,9,0.66%,"1,763.97"
80446423,金信,教育,6,0.37%,984.54
80446423,金信,租赁和商务服务业,2,0.33%,893.81
80446423,金信,建筑业,2,0.19%,498.75
80446423,金信,交通运输、仓储和邮政业,9,0.10%,272.97
80446423,金信,电力、热力、燃气及水生产和供应业,1,0.01%,18.45
80446423,金信,批发和零售业,5,0.01%,17.17
80446423,金信,房地产业,2,0.00%,7.58
80446423,金信,综合,1,0.00%,3.83
80446423,金信,水利、环境和公共设施管理业,2,0.00%,0.07
80205264,江信,制造业,6,3.27%,"6,402.67"
80205264,江信,金融业,6,1.53%,"2,987.60"
80205264,江信,交通运输、仓储和邮政业,4,0.17%,338.98
80205264,江信,房地产业,4,0.09%,174.41
80205264,江信,科学研究和技术服务业,4,0.04%,75.26
80205264,江信,信息传输、软件和信息技术服务业,2,0.03%,52.74
80205264,江信,采矿业,2,0.01%,23.93
80205264,江信,建筑业,2,0.01%,22.81
80205264,江信,租赁和商务服务业,2,0.01%,19.77
80205264,江信,批发和零售业,4,0.00%,8.79
80365987,嘉合,制造业,7,0.51%,"6,389.01"
80365987,嘉合,交通运输、仓储和邮政业,6,0.09%,"1,176.49"
80365987,嘉合,卫生和社会工作,3,0.04%,506.33
80365987,嘉合,科学研究和技术服务业,3,0.03%,410.72
80365987,嘉合,信息传输、软件和信息技术服务业,3,0.03%,355.59
80365987,嘉合,批发和零售业,7,0.02%,226.07
80365987,嘉合,农、林、牧、渔业,3,0.01%,103.17
80365987,嘉合,金融业,3,0.01%,73.04
80365987,嘉合,电力、热力、燃气及水生产和供应业,2,0.00%,31.70
80365987,嘉合,租赁和商务服务业,1,0.00%,26.69
80365987,嘉合,房地产业,1,0.00%,23.09
80365987,嘉合,文化、体育和娱乐业,1,0.00%,14.22
80365987,嘉合,水利、环境和公共设施管理业,1,0.00%,6.75
80000251,景顺长城,制造业,72,16.70%,"4,249,055.76"
80000251,景顺长城,金融业,59,2.16%,"550,529.20"
80000251,景顺长城,农、林、牧、渔业,39,1.83%,"466,346.28"
80000251,景顺长城,信息传输、软件和信息技术服务业,66,0.67%,"171,305.89"
80000251,景顺长城,交通运输、仓储和邮政业,32,0.61%,"156,405.81"
80000251,景顺长城,房地产业,54,0.57%,"144,187.77"
80000251,景顺长城,批发和零售业,63,0.52%,"131,159.75"
80000251,景顺长城,租赁和商务服务业,21,0.38%,"97,348.50"
80000251,景顺长城,综合,25,0.31%,"78,126.78"
80000251,景顺长城,建筑业,33,0.27%,"69,866.36"
80000251,景顺长城,科学研究和技术服务业,59,0.24%,"60,174.08"
80000251,景顺长城,电力、热力、燃气及水生产和供应业,37,0.23%,"58,180.92"
80000251,景顺长城,文化、体育和娱乐业,41,0.21%,"54,310.53"
80000251,景顺长城,采矿业,39,0.19%,"49,492.69"
80000251,景顺长城,卫生和社会工作,34,0.16%,"39,796.09"
80000251,景顺长城,水利、环境和公共设施管理业,37,0.13%,"32,783.86"
80000251,景顺长城,教育,12,0.02%,"6,243.82"
80000251,景顺长城,住宿和餐饮业,3,0.00%,73.10
80065990,建信,制造业,106,1.79%,"1,021,375.16"
80065990,建信,信息传输、软件和信息技术服务业,92,0.34%,"193,742.30"
80065990,建信,金融业,82,0.31%,"175,105.36"
80065990,建信,房地产业,70,0.21%,"119,452.15"
80065990,建信,批发和零售业,68,0.08%,"42,989.52"
80065990,建信,电力、热力、燃气及水生产和供应业,34,0.06%,"34,171.24"
80065990,建信,农、林、牧、渔业,45,0.06%,"33,279.04"
80065990,建信,交通运输、仓储和邮政业,60,0.06%,"31,559.31"
80065990,建信,租赁和商务服务业,42,0.04%,"21,682.61"
80065990,建信,水利、环境和公共设施管理业,37,0.04%,"20,490.63"
80065990,建信,采矿业,47,0.03%,"18,689.90"
80065990,建信,文化、体育和娱乐业,48,0.03%,"17,550.74"
80065990,建信,卫生和社会工作,54,0.03%,"16,455.20"
80065990,建信,建筑业,46,0.02%,"11,260.43"
80065990,建信,科学研究和技术服务业,66,0.01%,"4,881.70"
80065990,建信,综合,10,0.01%,"3,813.81"
80065990,建信,教育,15,0.00%,"1,655.21"
80065990,建信,住宿和餐饮业,7,0.00%,78.79
80064562,交银,制造业,71,11.63%,"3,098,353.16"
80064562,交银,房地产业,52,3.06%,"814,559.28"
80064562,交银,信息传输、软件和信息技术服务业,58,3.03%,"807,562.13"
80064562,交银,卫生和社会工作,22,0.94%,"251,779.83"
80064562,交银,金融业,43,0.93%,"247,800.47"
80064562,交银,文化、体育和娱乐业,22,0.92%,"245,994.79"
80064562,交银,教育,11,0.65%,"172,228.80"
80064562,交银,交通运输、仓储和邮政业,40,0.64%,"170,590.05"
80064562,交银,农、林、牧、渔业,23,0.57%,"151,962.48"
80064562,交银,科学研究和技术服务业,46,0.37%,"99,366.64"
80064562,交银,租赁和商务服务业,19,0.23%,"62,392.02"
80064562,交银,批发和零售业,50,0.17%,"46,293.15"
80064562,交银,建筑业,28,0.10%,"25,979.08"
80064562,交银,水利、环境和公共设施管理业,22,0.07%,"19,947.64"
80064562,交银,电力、热力、燃气及水生产和供应业,16,0.06%,"16,751.39"
80064562,交银,采矿业,25,0.03%,"9,138.73"
80064562,交银,综合,4,0.00%,399.18
80064562,交银,住宿和餐饮业,1,0.00%,312.91
80000223,嘉实,制造业,141,10.80%,"6,306,099.27"
80000223,嘉实,金融业,113,2.70%,"1,578,451.85"
80000223,嘉实,信息传输、软件和信息技术服务业,113,1.86%,"1,086,582.90"
80000223,嘉实,建筑业,47,0.62%,"362,645.96"
80000223,嘉实,房地产业,93,0.60%,"350,395.72"
80000223,嘉实,交通运输、仓储和邮政业,77,0.38%,"222,530.82"
80000223,嘉实,采矿业,68,0.36%,"211,931.46"
80000223,嘉实,卫生和社会工作,44,0.32%,"189,268.87"
80000223,嘉实,科学研究和技术服务业,114,0.26%,"153,108.97"
80000223,嘉实,批发和零售业,121,0.26%,"149,255.42"
80000223,嘉实,电力、热力、燃气及水生产和供应业,56,0.23%,"134,715.75"
80000223,嘉实,农、林、牧、渔业,55,0.22%,"128,065.84"
80000223,嘉实,文化、体育和娱乐业,41,0.15%,"86,885.17"
80000223,嘉实,租赁和商务服务业,37,0.07%,"43,107.14"
80000223,嘉实,水利、环境和公共设施管理业,39,0.02%,"10,091.45"
80000223,嘉实,教育,20,0.01%,"4,165.21"
80000223,嘉实,综合,6,0.01%,"3,377.17"
80000223,嘉实,住宿和餐饮业,10,0.00%,"1,628.32"
80000246,海富通,制造业,46,6.59%,"1,032,231.76"
80000246,海富通,信息传输、软件和信息技术服务业,41,2.51%,"393,269.78"
80000246,海富通,金融业,40,0.88%,"137,994.20"
80000246,海富通,房地产业,34,0.34%,"53,806.90"
80000246,海富通,采矿业,30,0.20%,"31,353.41"
80000246,海富通,批发和零售业,40,0.13%,"20,925.52"
80000246,海富通,科学研究和技术服务业,38,0.12%,"18,763.64"
80000246,海富通,文化、体育和娱乐业,21,0.12%,"18,526.18"
80000246,海富通,建筑业,27,0.11%,"17,349.33"
80000246,海富通,电力、热力、燃气及水生产和供应业,31,0.06%,"9,850.82"
80000246,海富通,农、林、牧、渔业,28,0.06%,"9,286.54"
80000246,海富通,交通运输、仓储和邮政业,26,0.05%,"7,849.67"
80000246,海富通,租赁和商务服务业,30,0.04%,"6,787.89"
80000246,海富通,卫生和社会工作,27,0.04%,"6,755.08"
80000246,海富通,水利、环境和公共设施管理业,19,0.04%,"6,625.89"
80000246,海富通,综合,2,0.01%,"2,082.99"
80000246,海富通,住宿和餐饮业,4,0.01%,"2,022.35"
80924817,惠升,制造业,2,2.01%,"9,016.76"
80924817,惠升,金融业,2,1.32%,"5,919.49"
80924817,惠升,信息传输、软件和信息技术服务业,2,1.07%,"4,812.70"
80924817,惠升,房地产业,2,0.53%,"2,386.34"
80924817,惠升,教育,2,0.48%,"2,145.62"
80924817,惠升,批发和零售业,2,0.45%,"2,034.99"
80924817,惠升,农、林、牧、渔业,2,0.36%,"1,610.16"
80924817,惠升,交通运输、仓储和邮政业,2,0.34%,"1,543.97"
80560396,合煦智远,制造业,4,42.63%,"3,966.15"
80560396,合煦智远,交通运输、仓储和邮政业,2,5.13%,477.72
80560396,合煦智远,批发和零售业,2,4.69%,436.73
80560396,合煦智远,金融业,2,4.20%,390.64
80560396,合煦智远,采矿业,2,3.45%,320.65
80560396,合煦智远,租赁和商务服务业,2,0.95%,88.40
80560396,合煦智远,信息传输、软件和信息技术服务业,2,0.72%,66.54
80560396,合煦智远,农、林、牧、渔业,2,0.39%,36.24
80560379,弘毅远方,制造业,5,54.89%,"75,431.71"
80560379,弘毅远方,信息传输、软件和信息技术服务业,5,19.29%,"26,514.07"
80560379,弘毅远方,文化、体育和娱乐业,4,3.07%,"4,222.62"
80560379,弘毅远方,卫生和社会工作,3,2.94%,"4,039.11"
80560379,弘毅远方,农、林、牧、渔业,2,2.88%,"3,953.00"
80560379,弘毅远方,批发和零售业,5,2.20%,"3,017.11"
80560379,弘毅远方,金融业,1,1.93%,"2,658.46"
80560379,弘毅远方,租赁和商务服务业,3,0.91%,"1,251.73"
80560379,弘毅远方,交通运输、仓储和邮政业,1,0.67%,915.28
80560379,弘毅远方,采矿业,1,0.23%,312.23
80560379,弘毅远方,教育,1,0.11%,150.97
80560379,弘毅远方,建筑业,1,0.10%,136.70
80560379,弘毅远方,房地产业,1,0.09%,129.33
80560379,弘毅远方,科学研究和技术服务业,3,0.00%,5.27
80560380,恒越,制造业,4,49.20%,"2,649.63"
80560380,恒越,金融业,4,14.38%,774.18
80560380,恒越,信息传输、软件和信息技术服务业,4,7.87%,423.95
80560380,恒越,农、林、牧、渔业,2,1.50%,80.75
80560380,恒越,卫生和社会工作,2,1.12%,60.21
80508384,恒生前海,制造业,6,36.57%,"22,027.68"
80508384,恒生前海,金融业,4,4.28%,"2,580.35"
80508384,恒生前海,房地产业,2,3.96%,"2,384.21"
80508384,恒生前海,农、林、牧、渔业,4,2.45%,"1,474.91"
80508384,恒生前海,建筑业,1,1.90%,"1,146.67"
80508384,恒生前海,信息传输、软件和信息技术服务业,1,0.36%,214.31
80508384,恒生前海,交通运输、仓储和邮政业,4,0.32%,190.54
80508384,恒生前海,卫生和社会工作,1,0.21%,126.41
80508384,恒生前海,科学研究和技术服务业,1,0.20%,117.64
80508384,恒生前海,文化、体育和娱乐业,4,0.17%,104.20
80508384,恒生前海,电力、热力、燃气及水生产和供应业,1,0.14%,82.13
80508384,恒生前海,租赁和商务服务业,2,0.06%,38.95
80508384,恒生前海,水利、环境和公共设施管理业,2,0.06%,36.24
80508384,恒生前海,采矿业,2,0.05%,31.11
80498278,汇安,制造业,35,7.85%,"126,484.75"
80498278,汇安,金融业,30,2.24%,"36,051.13"
80498278,汇安,信息传输、软件和信息技术服务业,31,1.47%,"23,694.71"
80498278,汇安,房地产业,27,0.64%,"10,330.12"
80498278,汇安,交通运输、仓储和邮政业,30,0.52%,"8,434.14"
80498278,汇安,租赁和商务服务业,23,0.41%,"6,561.32"
80498278,汇安,卫生和社会工作,22,0.29%,"4,721.41"
80498278,汇安,批发和零售业,31,0.21%,"3,460.23"
80498278,汇安,建筑业,20,0.19%,"2,996.48"
80498278,汇安,电力、热力、燃气及水生产和供应业,21,0.13%,"2,089.08"
80498278,汇安,农、林、牧、渔业,14,0.11%,"1,754.08"
80498278,汇安,采矿业,15,0.10%,"1,571.39"
80498278,汇安,水利、环境和公共设施管理业,18,0.09%,"1,438.68"
80498278,汇安,科学研究和技术服务业,17,0.09%,"1,398.76"
80498278,汇安,文化、体育和娱乐业,14,0.06%,972.45
80498278,汇安,综合,2,0.01%,98.07
80498278,汇安,教育,2,0.00%,2.73
80523667,华泰保兴,制造业,16,4.78%,"99,425.93"
80523667,华泰保兴,信息传输、软件和信息技术服务业,16,0.38%,"7,820.94"
80523667,华泰保兴,金融业,12,0.35%,"7,309.17"
80523667,华泰保兴,采矿业,9,0.22%,"4,682.30"
80523667,华泰保兴,电力、热力、燃气及水生产和供应业,9,0.16%,"3,243.22"
80523667,华泰保兴,文化、体育和娱乐业,8,0.12%,"2,548.71"
80523667,华泰保兴,交通运输、仓储和邮政业,7,0.11%,"2,318.29"
80523667,华泰保兴,批发和零售业,14,0.10%,"2,112.82"
80523667,华泰保兴,农、林、牧、渔业,4,0.08%,"1,727.56"
80523667,华泰保兴,科学研究和技术服务业,14,0.08%,"1,631.81"
80523667,华泰保兴,建筑业,4,0.08%,"1,595.10"
80523667,华泰保兴,租赁和商务服务业,3,0.03%,652.77
80523667,华泰保兴,房地产业,3,0.01%,298.70
80523667,华泰保兴,卫生和社会工作,2,0.01%,267.81
80523667,华泰保兴,水利、环境和公共设施管理业,3,0.00%,11.87
80385906,红土创新,制造业,11,1.35%,"16,833.87"
80385906,红土创新,信息传输、软件和信息技术服务业,11,0.34%,"4,296.53"
80385906,红土创新,交通运输、仓储和邮政业,9,0.17%,"2,136.83"
80385906,红土创新,金融业,9,0.15%,"1,923.30"
80385906,红土创新,科学研究和技术服务业,8,0.13%,"1,573.49"
80385906,红土创新,电力、热力、燃气及水生产和供应业,7,0.11%,"1,373.71"
80385906,红土创新,房地产业,7,0.06%,712.72
80385906,红土创新,文化、体育和娱乐业,7,0.03%,356.92
80385906,红土创新,租赁和商务服务业,5,0.02%,257.67
80385906,红土创新,批发和零售业,7,0.02%,204.98
80385906,红土创新,采矿业,5,0.02%,192.97
80385906,红土创新,建筑业,4,0.01%,154.30
80385906,红土创新,农、林、牧、渔业,4,0.01%,152.05
80385906,红土创新,卫生和社会工作,3,0.01%,112.41
80385906,红土创新,综合,4,0.01%,64.82
80385906,红土创新,水利、环境和公共设施管理业,4,0.00%,13.79
80385906,红土创新,教育,4,0.00%,8.70
80385906,红土创新,住宿和餐饮业,1,0.00%,0.62
80053204,华商,制造业,51,44.43%,"1,058,472.49"
80053204,华商,信息传输、软件和信息技术服务业,50,15.66%,"373,166.21"
80053204,华商,金融业,43,5.53%,"131,762.74"
80053204,华商,交通运输、仓储和邮政业,25,3.67%,"87,470.40"
80053204,华商,批发和零售业,37,1.69%,"40,165.69"
80053204,华商,房地产业,14,1.17%,"27,811.53"
80053204,华商,租赁和商务服务业,15,0.94%,"22,378.35"
80053204,华商,住宿和餐饮业,8,0.88%,"21,076.96"
80053204,华商,教育,7,0.83%,"19,689.76"
80053204,华商,农、林、牧、渔业,11,0.65%,"15,378.44"
80053204,华商,科学研究和技术服务业,38,0.57%,"13,692.29"
80053204,华商,采矿业,21,0.46%,"10,977.53"
80053204,华商,建筑业,20,0.28%,"6,748.35"
80053204,华商,卫生和社会工作,7,0.27%,"6,322.65"
80053204,华商,电力、热力、燃气及水生产和供应业,10,0.09%,"2,248.17"
80053204,华商,文化、体育和娱乐业,6,0.04%,879.25
80053204,华商,水利、环境和公共设施管理业,23,0.03%,770.51
80053204,华商,综合,1,0.00%,0.53
80000250,华宝,制造业,68,9.36%,"1,931,322.15"
80000250,华宝,金融业,53,7.50%,"1,545,846.41"
80000250,华宝,信息传输、软件和信息技术服务业,63,2.05%,"422,587.32"
80000250,华宝,房地产业,50,0.53%,"109,534.03"
80000250,华宝,租赁和商务服务业,44,0.35%,"71,200.06"
80000250,华宝,卫生和社会工作,25,0.30%,"62,402.44"
80000250,华宝,采矿业,38,0.22%,"45,044.59"
80000250,华宝,建筑业,43,0.18%,"37,007.64"
80000250,华宝,科学研究和技术服务业,60,0.16%,"33,466.07"
80000250,华宝,交通运输、仓储和邮政业,43,0.12%,"24,000.39"
80000250,华宝,批发和零售业,60,0.10%,"21,502.24"
80000250,华宝,电力、热力、燃气及水生产和供应业,25,0.06%,"12,095.87"
80000250,华宝,水利、环境和公共设施管理业,26,0.03%,"5,584.90"
80000250,华宝,文化、体育和娱乐业,20,0.02%,"3,811.41"
80000250,华宝,农、林、牧、渔业,18,0.02%,"3,537.74"
80000250,华宝,教育,9,0.00%,852.57
80000250,华宝,住宿和餐饮业,5,0.00%,114.59
80000250,华宝,综合,6,0.00%,42.44
80000228,华安,制造业,105,9.17%,"3,477,802.69"
80000228,华安,金融业,67,3.00%,"1,136,595.70"
80000228,华安,信息传输、软件和信息技术服务业,96,1.98%,"750,596.73"
80000228,华安,文化、体育和娱乐业,56,1.75%,"664,449.35"
80000228,华安,采矿业,48,0.66%,"252,005.53"
80000228,华安,批发和零售业,82,0.65%,"248,144.71"
80000228,华安,房地产业,56,0.62%,"236,556.00"
80000228,华安,租赁和商务服务业,49,0.52%,"196,332.32"
80000228,华安,交通运输、仓储和邮政业,66,0.38%,"143,929.39"
80000228,华安,卫生和社会工作,38,0.28%,"107,441.82"
80000228,华安,建筑业,48,0.23%,"87,060.55"
80000228,华安,电力、热力、燃气及水生产和供应业,36,0.21%,"80,025.33"
80000228,华安,住宿和餐饮业,13,0.20%,"76,594.81"
80000228,华安,农、林、牧、渔业,34,0.17%,"64,221.66"
80000228,华安,科学研究和技术服务业,78,0.10%,"37,590.74"
80000228,华安,水利、环境和公共设施管理业,55,0.09%,"35,827.63"
80000228,华安,综合,21,0.04%,"14,833.72"
80000228,华安,教育,16,0.01%,"2,730.21"
80205263,红塔红土,制造业,15,3.81%,"25,497.47"
80205263,红塔红土,金融业,15,2.59%,"17,307.52"
80205263,红塔红土,房地产业,11,0.94%,"6,251.65"
80205263,红塔红土,交通运输、仓储和邮政业,15,0.60%,"4,038.85"
80205263,红塔红土,信息传输、软件和信息技术服务业,13,0.26%,"1,727.83"
80205263,红塔红土,采矿业,8,0.09%,601.73
80205263,红塔红土,电力、热力、燃气及水生产和供应业,6,0.07%,495.52
80205263,红塔红土,建筑业,6,0.06%,376.43
80205263,红塔红土,批发和零售业,11,0.05%,318.92
80205263,红塔红土,水利、环境和公共设施管理业,8,0.05%,303.48
80205263,红塔红土,农、林、牧、渔业,2,0.02%,113.06
80205263,红塔红土,租赁和商务服务业,4,0.02%,110.21
80205263,红塔红土,科学研究和技术服务业,11,0.01%,43.71
80424273,泓德,制造业,22,38.77%,"1,795,967.07"
80424273,泓德,信息传输、软件和信息技术服务业,20,3.31%,"153,302.80"
80424273,泓德,文化、体育和娱乐业,20,2.92%,"135,448.69"
80424273,泓德,房地产业,14,1.58%,"73,242.71"
80424273,泓德,金融业,21,1.36%,"63,061.89"
80424273,泓德,科学研究和技术服务业,20,0.91%,"42,345.48"
80424273,泓德,交通运输、仓储和邮政业,16,0.82%,"37,805.06"
80424273,泓德,教育,6,0.79%,"36,804.75"
80424273,泓德,批发和零售业,18,0.62%,"28,877.09"
80424273,泓德,卫生和社会工作,8,0.29%,"13,393.73"
80424273,泓德,建筑业,3,0.26%,"11,846.30"
80424273,泓德,采矿业,4,0.08%,"3,762.03"
80424273,泓德,租赁和商务服务业,1,0.00%,162.40
80424273,泓德,电力、热力、燃气及水生产和供应业,1,0.00%,107.58
80424273,泓德,水利、环境和公共设施管理业,6,0.00%,20.06
80053708,汇添富,制造业,126,11.83%,"6,733,835.15"
80053708,汇添富,金融业,109,2.72%,"1,549,256.13"
80053708,汇添富,信息传输、软件和信息技术服务业,105,1.67%,"949,481.16"
80053708,汇添富,卫生和社会工作,70,0.86%,"486,796.83"
80053708,汇添富,房地产业,58,0.78%,"446,066.39"
80053708,汇添富,租赁和商务服务业,68,0.74%,"422,076.00"
80053708,汇添富,文化、体育和娱乐业,81,0.67%,"379,469.76"
80053708,汇添富,交通运输、仓储和邮政业,45,0.61%,"346,549.80"
80053708,汇添富,科学研究和技术服务业,96,0.53%,"303,634.99"
80053708,汇添富,批发和零售业,99,0.52%,"293,209.19"
80053708,汇添富,农、林、牧、渔业,64,0.45%,"257,806.14"
80053708,汇添富,采矿业,44,0.25%,"142,959.54"
80053708,汇添富,建筑业,26,0.21%,"118,326.90"
80053708,汇添富,电力、热力、燃气及水生产和供应业,29,0.19%,"106,922.26"
80053708,汇添富,水利、环境和公共设施管理业,40,0.06%,"35,812.22"
80053708,汇添富,教育,28,0.06%,"35,466.07"
80053708,汇添富,住宿和餐饮业,32,0.06%,"31,456.64"
80053708,汇添富,综合,8,0.00%,"1,839.70"
80067635,汇丰晋信,制造业,23,26.49%,"580,774.58"
80067635,汇丰晋信,金融业,17,7.45%,"163,266.71"
80067635,汇丰晋信,信息传输、软件和信息技术服务业,17,2.59%,"56,733.02"
80067635,汇丰晋信,批发和零售业,21,1.29%,"28,305.28"
80067635,汇丰晋信,房地产业,16,1.18%,"25,889.53"
80067635,汇丰晋信,交通运输、仓储和邮政业,12,0.98%,"21,444.86"
80067635,汇丰晋信,卫生和社会工作,9,0.88%,"19,355.56"
80067635,汇丰晋信,租赁和商务服务业,5,0.51%,"11,218.61"
80067635,汇丰晋信,建筑业,9,0.44%,"9,551.72"
80067635,汇丰晋信,综合,4,0.37%,"8,007.94"
80067635,汇丰晋信,水利、环境和公共设施管理业,10,0.36%,"7,820.11"
80067635,汇丰晋信,采矿业,11,0.24%,"5,159.32"
80067635,汇丰晋信,电力、热力、燃气及水生产和供应业,7,0.22%,"4,889.71"
80067635,汇丰晋信,文化、体育和娱乐业,9,0.20%,"4,322.66"
80067635,汇丰晋信,科学研究和技术服务业,22,0.07%,"1,582.22"
80067635,汇丰晋信,教育,3,0.07%,"1,427.68"
80067635,汇丰晋信,农、林、牧、渔业,3,0.04%,904.11
80067635,汇丰晋信,住宿和餐饮业,1,0.01%,142.88
80000222,华夏,制造业,148,19.80%,"12,434,221.26"
80000222,华夏,金融业,107,6.16%,"3,871,971.33"
80000222,华夏,信息传输、软件和信息技术服务业,120,1.76%,"1,104,504.33"
80000222,华夏,房地产业,84,1.09%,"686,434.19"
80000222,华夏,采矿业,54,0.73%,"458,615.85"
80000222,华夏,交通运输、仓储和邮政业,57,0.64%,"404,835.13"
80000222,华夏,建筑业,54,0.64%,"401,480.44"
80000222,华夏,电力、热力、燃气及水生产和供应业,51,0.53%,"332,662.55"
80000222,华夏,租赁和商务服务业,73,0.44%,"277,113.23"
80000222,华夏,批发和零售业,122,0.43%,"270,550.84"
80000222,华夏,卫生和社会工作,34,0.20%,"125,587.84"
80000222,华夏,科学研究和技术服务业,109,0.19%,"119,741.81"
80000222,华夏,农、林、牧、渔业,37,0.13%,"79,133.78"
80000222,华夏,文化、体育和娱乐业,53,0.12%,"77,538.34"
80000222,华夏,住宿和餐饮业,22,0.08%,"48,164.75"
80000222,华夏,水利、环境和公共设施管理业,51,0.07%,"40,989.85"
80000222,华夏,综合,14,0.03%,"20,442.02"
80000222,华夏,教育,23,0.01%,"6,375.17"
80391977,华泰证券(上海),制造业,4,1.41%,"62,118.21"
80391977,华泰证券(上海),金融业,4,0.35%,"15,588.65"
80391977,华泰证券(上海),信息传输、软件和信息技术服务业,4,0.16%,"6,981.19"
80391977,华泰证券(上海),房地产业,4,0.11%,"5,025.60"
80391977,华泰证券(上海),建筑业,4,0.05%,"2,269.24"
80391977,华泰证券(上海),批发和零售业,4,0.02%,903.17
80391977,华泰证券(上海),交通运输、仓储和邮政业,1,0.02%,810.58
80391977,华泰证券(上海),科学研究和技术服务业,4,0.01%,589.13
80391977,华泰证券(上海),采矿业,1,0.01%,457.49
80391977,华泰证券(上海),电力、热力、燃气及水生产和供应业,2,0.01%,262.55
80391977,华泰证券(上海),文化、体育和娱乐业,2,0.00%,160.30
80391977,华泰证券(上海),农、林、牧、渔业,1,0.00%,87.34
80391977,华泰证券(上海),教育,1,0.00%,48.96
80037023,华富,制造业,38,2.57%,"164,476.71"
80037023,华富,信息传输、软件和信息技术服务业,28,1.39%,"88,868.24"
80037023,华富,金融业,31,0.38%,"24,597.24"
80037023,华富,批发和零售业,24,0.24%,"15,335.50"
80037023,华富,交通运输、仓储和邮政业,16,0.06%,"3,685.76"
80037023,华富,采矿业,16,0.05%,"3,479.38"
80037023,华富,房地产业,10,0.05%,"3,395.49"
80037023,华富,卫生和社会工作,9,0.05%,"3,302.31"
80037023,华富,科学研究和技术服务业,17,0.05%,"3,257.76"
80037023,华富,电力、热力、燃气及水生产和供应业,10,0.04%,"2,703.51"
80037023,华富,水利、环境和公共设施管理业,14,0.02%,"1,596.49"
80037023,华富,文化、体育和娱乐业,5,0.02%,990.31
80037023,华富,建筑业,7,0.02%,982.61
80037023,华富,租赁和商务服务业,6,0.01%,610.86
80037023,华富,农、林、牧、渔业,4,0.01%,509.39
80037023,华富,综合,2,0.00%,114.57
80037023,华富,教育,3,0.00%,64.00
80037023,华富,住宿和餐饮业,2,0.00%,42.47
80055334,华泰柏瑞,制造业,65,25.41%,"3,168,166.40"
80055334,华泰柏瑞,金融业,54,12.00%,"1,495,989.77"
80055334,华泰柏瑞,信息传输、软件和信息技术服务业,58,2.75%,"343,125.21"
80055334,华泰柏瑞,房地产业,50,2.28%,"284,069.82"
80055334,华泰柏瑞,交通运输、仓储和邮政业,35,1.47%,"182,709.18"
80055334,华泰柏瑞,采矿业,43,1.38%,"172,510.65"
80055334,华泰柏瑞,建筑业,36,1.15%,"142,881.49"
80055334,华泰柏瑞,电力、热力、燃气及水生产和供应业,29,1.05%,"130,720.90"
80055334,华泰柏瑞,批发和零售业,60,0.88%,"109,932.82"
80055334,华泰柏瑞,农、林、牧、渔业,40,0.86%,"107,493.79"
80055334,华泰柏瑞,卫生和社会工作,46,0.71%,"88,907.61"
80055334,华泰柏瑞,科学研究和技术服务业,56,0.51%,"63,249.59"
80055334,华泰柏瑞,租赁和商务服务业,32,0.39%,"48,142.03"
80055334,华泰柏瑞,文化、体育和娱乐业,35,0.31%,"38,314.91"
80055334,华泰柏瑞,教育,21,0.16%,"19,651.10"
80055334,华泰柏瑞,水利、环境和公共设施管理业,28,0.11%,"14,258.19"
80055334,华泰柏瑞,综合,7,0.01%,650.24
80055334,华泰柏瑞,住宿和餐饮业,7,0.00%,272.59
80201857,华宸未来,制造业,1,10.19%,"1,335.37"
80201857,华宸未来,房地产业,1,0.63%,82.57
80201857,华宸未来,交通运输、仓储和邮政业,1,0.58%,75.58
80201857,华宸未来,科学研究和技术服务业,1,0.55%,72.39
80201857,华宸未来,信息传输、软件和信息技术服务业,1,0.39%,51.73
80199117,华润,制造业,10,3.86%,"39,597.94"
80199117,华润,金融业,5,1.79%,"18,372.93"
80199117,华润,信息传输、软件和信息技术服务业,4,1.26%,"12,875.30"
80199117,华润,综合,1,0.17%,"1,763.96"
80199117,华润,建筑业,5,0.13%,"1,382.84"
80199117,华润,交通运输、仓储和邮政业,5,0.12%,"1,204.24"
80199117,华润,房地产业,3,0.09%,926.12
80199117,华润,文化、体育和娱乐业,3,0.09%,915.20
80199117,华润,采矿业,3,0.05%,526.71
80199117,华润,租赁和商务服务业,3,0.02%,232.51
80199117,华润,农、林、牧、渔业,1,0.02%,229.98
80199117,华润,电力、热力、燃气及水生产和供应业,1,0.02%,180.86
80199117,华润,科学研究和技术服务业,6,0.01%,119.36
80199117,华润,批发和零售业,6,0.00%,24.67
80357951,广发资产管理,制造业,4,8.11%,"45,438.83"
80357951,广发资产管理,金融业,4,3.67%,"20,561.77"
80357951,广发资产管理,房地产业,4,2.47%,"13,823.06"
80357951,广发资产管理,教育,1,0.46%,"2,567.90"
80357951,广发资产管理,租赁和商务服务业,4,0.33%,"1,838.19"
80357951,广发资产管理,采矿业,3,0.09%,521.53
80357951,广发资产管理,电力、热力、燃气及水生产和供应业,3,0.06%,361.98
80357951,广发资产管理,批发和零售业,3,0.04%,235.64
80357951,广发资产管理,建筑业,3,0.03%,195.71
80357951,广发资产管理,交通运输、仓储和邮政业,3,0.03%,156.07
80357951,广发资产管理,文化、体育和娱乐业,3,0.01%,58.27
80357951,广发资产管理,信息传输、软件和信息技术服务业,3,0.01%,36.12
80357951,广发资产管理,水利、环境和公共设施管理业,3,0.01%,29.95
80357951,广发资产管理,科学研究和技术服务业,3,0.00%,15.04
80357951,广发资产管理,综合,3,0.00%,10.28
80560389,国融,制造业,12,38.96%,"16,380.12"
80560389,国融,金融业,10,5.86%,"2,464.57"
80560389,国融,交通运输、仓储和邮政业,12,5.66%,"2,379.82"
80560389,国融,房地产业,6,2.83%,"1,188.21"
80560389,国融,信息传输、软件和信息技术服务业,10,1.40%,589.30
80560389,国融,批发和零售业,4,0.94%,396.16
80560389,国融,建筑业,2,0.06%,24.52
80560389,国融,采矿业,2,0.06%,23.18
80560389,国融,科学研究和技术服务业,4,0.02%,6.71
80548351,格林,制造业,6,4.16%,"4,877.76"
80548351,格林,金融业,6,0.78%,913.29
80548351,格林,房地产业,6,0.29%,343.77
80548351,格林,批发和零售业,6,0.13%,154.02
80548351,格林,信息传输、软件和信息技术服务业,2,0.12%,143.62
80548351,格林,卫生和社会工作,4,0.07%,87.03
80548351,格林,交通运输、仓储和邮政业,4,0.04%,52.42
80548351,格林,租赁和商务服务业,2,0.02%,24.53
80548351,格林,水利、环境和公共设施管理业,2,0.01%,6.75
80548351,格林,科学研究和技术服务业,2,0.00%,1.58
80048088,光大保德信,制造业,45,8.23%,"623,395.32"
80048088,光大保德信,金融业,33,2.29%,"173,700.60"
80048088,光大保德信,信息传输、软件和信息技术服务业,38,1.72%,"130,155.59"
80048088,光大保德信,房地产业,32,0.73%,"55,438.65"
80048088,光大保德信,文化、体育和娱乐业,20,0.46%,"35,160.49"
80048088,光大保德信,采矿业,19,0.38%,"28,457.10"
80048088,光大保德信,农、林、牧、渔业,14,0.34%,"25,574.33"
80048088,光大保德信,批发和零售业,40,0.27%,"20,181.37"
80048088,光大保德信,建筑业,16,0.19%,"14,202.96"
80048088,光大保德信,教育,9,0.10%,"7,847.72"
80048088,光大保德信,科学研究和技术服务业,35,0.08%,"5,822.03"
80048088,光大保德信,卫生和社会工作,15,0.07%,"5,676.28"
80048088,光大保德信,交通运输、仓储和邮政业,9,0.07%,"5,337.19"
80048088,光大保德信,电力、热力、燃气及水生产和供应业,13,0.06%,"4,413.67"
80048088,光大保德信,水利、环境和公共设施管理业,8,0.02%,"1,404.70"
80048088,光大保德信,租赁和商务服务业,8,0.01%,981.55
80048088,光大保德信,住宿和餐饮业,3,0.00%,176.63
80048088,光大保德信,综合,2,0.00%,57.61
80000095,国都,制造业,5,30.30%,"5,886.64"
80000095,国都,金融业,4,11.39%,"2,213.66"
80000095,国都,信息传输、软件和信息技术服务业,4,4.64%,900.92
80000095,国都,交通运输、仓储和邮政业,2,3.53%,686.41
80000095,国都,科学研究和技术服务业,5,1.65%,321.39
80000095,国都,卫生和社会工作,2,1.27%,246.79
80000095,国都,水利、环境和公共设施管理业,1,1.09%,212.06
80000095,国都,农、林、牧、渔业,2,0.88%,170.66
80000095,国都,文化、体育和娱乐业,1,0.85%,164.90
80000095,国都,租赁和商务服务业,2,0.80%,154.56
80000095,国都,房地产业,2,0.50%,97.31
80000095,国都,批发和零售业,3,0.49%,95.89
80000095,国都,采矿业,1,0.49%,95.71
80000095,国都,建筑业,1,0.45%,88.29
80043374,国联安,制造业,49,21.41%,"1,123,634.55"
80043374,国联安,信息传输、软件和信息技术服务业,39,2.76%,"144,920.31"
80043374,国联安,金融业,41,1.86%,"97,615.75"
80043374,国联安,批发和零售业,37,0.88%,"46,080.20"
80043374,国联安,房地产业,31,0.60%,"31,269.87"
80043374,国联安,采矿业,24,0.36%,"18,869.62"
80043374,国联安,卫生和社会工作,20,0.33%,"17,490.71"
80043374,国联安,交通运输、仓储和邮政业,21,0.26%,"13,778.48"
80043374,国联安,科学研究和技术服务业,36,0.20%,"10,439.74"
80043374,国联安,文化、体育和娱乐业,6,0.19%,"10,170.69"
80043374,国联安,电力、热力、燃气及水生产和供应业,21,0.15%,"7,996.89"
80043374,国联安,建筑业,17,0.15%,"7,936.31"
80043374,国联安,农、林、牧、渔业,10,0.09%,"4,812.56"
80043374,国联安,租赁和商务服务业,21,0.08%,"4,000.73"
80043374,国联安,水利、环境和公共设施管理业,19,0.05%,"2,687.70"
80043374,国联安,综合,3,0.01%,280.42
80043374,国联安,教育,2,0.00%,229.12
80043374,国联安,住宿和餐饮业,1,0.00%,0.44
80280039,国开泰富,制造业,3,4.41%,"1,110.58"
80280039,国开泰富,信息传输、软件和信息技术服务业,3,1.09%,273.42
80280039,国开泰富,房地产业,3,0.53%,133.25
80280039,国开泰富,金融业,2,0.51%,127.61
80280039,国开泰富,建筑业,3,0.42%,105.85
80280039,国开泰富,批发和零售业,3,0.14%,34.87
80280039,国开泰富,农、林、牧、渔业,2,0.13%,31.77
80280039,国开泰富,交通运输、仓储和邮政业,3,0.12%,29.92
80280039,国开泰富,租赁和商务服务业,2,0.06%,14.84
80280039,国开泰富,电力、热力、燃气及水生产和供应业,2,0.03%,8.55
80280039,国开泰富,采矿业,2,0.02%,6.17
80355783,国寿安保,制造业,38,2.41%,"491,189.59"
80355783,国寿安保,金融业,31,0.89%,"181,838.99"
80355783,国寿安保,信息传输、软件和信息技术服务业,33,0.17%,"34,300.99"
80355783,国寿安保,房地产业,17,0.15%,"29,935.00"
80355783,国寿安保,交通运输、仓储和邮政业,23,0.11%,"22,896.30"
80355783,国寿安保,采矿业,16,0.10%,"20,653.01"
80355783,国寿安保,电力、热力、燃气及水生产和供应业,8,0.08%,"16,885.04"
80355783,国寿安保,批发和零售业,24,0.07%,"14,148.39"
80355783,国寿安保,建筑业,9,0.07%,"14,065.14"
80355783,国寿安保,农、林、牧、渔业,11,0.05%,"9,477.63"
80355783,国寿安保,租赁和商务服务业,9,0.03%,"6,579.01"
80355783,国寿安保,卫生和社会工作,10,0.03%,"6,164.08"
80355783,国寿安保,文化、体育和娱乐业,8,0.03%,"6,068.58"
80355783,国寿安保,科学研究和技术服务业,36,0.02%,"4,677.67"
80355783,国寿安保,水利、环境和公共设施管理业,4,0.01%,"1,157.33"
80355783,国寿安保,教育,3,0.00%,808.15
80355783,国寿安保,综合,1,0.00%,604.79
80355783,国寿安保,住宿和餐饮业,2,0.00%,403.51
80102419,国金,制造业,9,1.03%,"50,913.19"
80102419,国金,金融业,9,0.25%,"12,130.79"
80102419,国金,卫生和社会工作,2,0.03%,"1,416.65"
80102419,国金,交通运输、仓储和邮政业,8,0.02%,946.15
80102419,国金,房地产业,7,0.02%,832.76
80102419,国金,采矿业,7,0.02%,831.68
80102419,国金,建筑业,7,0.02%,814.68
80102419,国金,租赁和商务服务业,7,0.01%,720.14
80102419,国金,信息传输、软件和信息技术服务业,7,0.01%,657.32
80102419,国金,科学研究和技术服务业,7,0.01%,371.44
80102419,国金,文化、体育和娱乐业,5,0.01%,298.82
80102419,国金,批发和零售业,9,0.01%,274.86
80102419,国金,电力、热力、燃气及水生产和供应业,5,0.00%,226.21
80102419,国金,水利、环境和公共设施管理业,4,0.00%,126.32
80102419,国金,教育,4,0.00%,114.73
80102419,国金,住宿和餐饮业,3,0.00%,41.42
80102419,国金,农、林、牧、渔业,2,0.00%,24.97
80102419,国金,综合,3,0.00%,7.40
80156175,国泰君安资管,制造业,4,57.22%,"927,152.54"
80156175,国泰君安资管,金融业,4,9.43%,"152,749.68"
80156175,国泰君安资管,信息传输、软件和信息技术服务业,3,8.94%,"144,941.14"
80156175,国泰君安资管,批发和零售业,3,2.12%,"34,418.66"
80156175,国泰君安资管,房地产业,4,0.76%,"12,247.63"
80156175,国泰君安资管,卫生和社会工作,3,0.73%,"11,780.83"
80156175,国泰君安资管,交通运输、仓储和邮政业,3,0.71%,"11,430.10"
80156175,国泰君安资管,采矿业,3,0.65%,"10,462.54"
80156175,国泰君安资管,农、林、牧、渔业,3,0.31%,"4,966.50"
80156175,国泰君安资管,租赁和商务服务业,3,0.29%,"4,737.05"
80156175,国泰君安资管,科学研究和技术服务业,1,0.10%,"1,600.96"
80156175,国泰君安资管,建筑业,1,0.03%,527.00
80156175,国泰君安资管,水利、环境和公共设施管理业,1,0.01%,195.43
80064225,工银,制造业,116,6.19%,"3,420,908.92"
80064225,工银,金融业,89,1.69%,"932,380.39"
80064225,工银,信息传输、软件和信息技术服务业,100,0.71%,"389,822.22"
80064225,工银,房地产业,69,0.51%,"283,800.62"
80064225,工银,采矿业,40,0.17%,"96,631.43"
80064225,工银,文化、体育和娱乐业,56,0.14%,"74,837.36"
80064225,工银,卫生和社会工作,39,0.13%,"69,672.99"
80064225,工银,农、林、牧、渔业,30,0.11%,"63,411.38"
80064225,工银,科学研究和技术服务业,84,0.11%,"58,819.90"
80064225,工银,交通运输、仓储和邮政业,54,0.09%,"51,089.40"
80064225,工银,租赁和商务服务业,41,0.09%,"50,186.50"
80064225,工银,批发和零售业,81,0.09%,"49,968.57"
80064225,工银,建筑业,37,0.08%,"46,642.48"
80064225,工银,电力、热力、燃气及水生产和供应业,30,0.06%,"32,019.45"
80064225,工银,教育,11,0.01%,"5,257.27"
80064225,工银,水利、环境和公共设施管理业,31,0.01%,"3,395.40"
80064225,工银,综合,6,0.00%,"1,027.88"
80064225,工银,住宿和餐饮业,2,0.00%,304.00
80000224,国泰,制造业,109,15.66%,"4,690,033.37"
80000224,国泰,金融业,76,8.27%,"2,478,577.15"
80000224,国泰,信息传输、软件和信息技术服务业,90,1.36%,"406,082.29"
80000224,国泰,批发和零售业,96,0.59%,"177,669.35"
80000224,国泰,采矿业,34,0.48%,"145,208.17"
80000224,国泰,房地产业,48,0.31%,"91,412.83"
80000224,国泰,科学研究和技术服务业,96,0.11%,"32,174.37"
80000224,国泰,卫生和社会工作,21,0.10%,"28,840.89"
80000224,国泰,农、林、牧、渔业,17,0.09%,"26,715.19"
80000224,国泰,交通运输、仓储和邮政业,36,0.09%,"25,555.60"
80000224,国泰,文化、体育和娱乐业,40,0.08%,"23,529.84"
80000224,国泰,建筑业,42,0.08%,"22,563.60"
80000224,国泰,综合,10,0.04%,"10,472.04"
80000224,国泰,电力、热力、燃气及水生产和供应业,14,0.03%,"8,468.99"
80000224,国泰,水利、环境和公共设施管理业,29,0.02%,"6,199.64"
80000224,国泰,租赁和商务服务业,20,0.02%,"4,801.70"
80000224,国泰,教育,6,0.01%,"2,571.28"
80000224,国泰,住宿和餐饮业,4,0.00%,151.58
80000233,国投瑞银,制造业,54,7.52%,"654,749.09"
80000233,国投瑞银,金融业,47,1.14%,"99,148.14"
80000233,国投瑞银,信息传输、软件和信息技术服务业,53,0.80%,"70,004.60"
80000233,国投瑞银,房地产业,43,0.75%,"65,293.62"
80000233,国投瑞银,批发和零售业,49,0.61%,"53,283.63"
80000233,国投瑞银,科学研究和技术服务业,48,0.28%,"24,487.27"
80000233,国投瑞银,采矿业,33,0.21%,"18,074.24"
80000233,国投瑞银,交通运输、仓储和邮政业,28,0.14%,"12,122.44"
80000233,国投瑞银,建筑业,20,0.09%,"8,218.62"
80000233,国投瑞银,卫生和社会工作,15,0.07%,"6,347.06"
80000233,国投瑞银,文化、体育和娱乐业,21,0.05%,"4,357.18"
80000233,国投瑞银,电力、热力、燃气及水生产和供应业,17,0.03%,"2,729.71"
80000233,国投瑞银,租赁和商务服务业,15,0.03%,"2,604.77"
80000233,国投瑞银,农、林、牧、渔业,12,0.03%,"2,585.37"
80000233,国投瑞银,水利、环境和公共设施管理业,14,0.02%,"2,013.26"
80000233,国投瑞银,综合,4,0.01%,"1,101.06"
80000233,国投瑞银,住宿和餐饮业,10,0.01%,835.97
80000233,国投瑞银,教育,9,0.00%,218.96
80044515,国海,制造业,26,23.34%,"586,631.83"
80044515,国海,金融业,23,7.36%,"185,021.12"
80044515,国海,卫生和社会工作,10,1.67%,"41,885.59"
80044515,国海,交通运输、仓储和邮政业,18,1.59%,"39,914.68"
80044515,国海,文化、体育和娱乐业,11,1.00%,"25,082.14"
80044515,国海,信息传输、软件和信息技术服务业,21,0.48%,"12,036.80"
80044515,国海,房地产业,15,0.35%,"8,764.25"
80044515,国海,科学研究和技术服务业,17,0.25%,"6,308.42"
80044515,国海,租赁和商务服务业,11,0.25%,"6,184.70"
80044515,国海,采矿业,10,0.22%,"5,605.52"
80044515,国海,水利、环境和公共设施管理业,11,0.14%,"3,631.95"
80044515,国海,电力、热力、燃气及水生产和供应业,10,0.12%,"2,894.63"
80044515,国海,建筑业,6,0.05%,"1,319.14"
80044515,国海,批发和零售业,18,0.04%,"1,019.46"
80044515,国海,农、林、牧、渔业,3,0.02%,615.52
80044515,国海,教育,1,0.01%,267.32
80560383,蜂巢,制造业,2,0.14%,"1,658.48"
80560383,蜂巢,金融业,2,0.04%,429.28
80560383,蜂巢,信息传输、软件和信息技术服务业,2,0.02%,210.92
80560383,蜂巢,租赁和商务服务业,2,0.00%,31.62
80560383,蜂巢,建筑业,2,0.00%,22.90
80560383,蜂巢,科学研究和技术服务业,2,0.00%,14.19
80560383,蜂巢,文化、体育和娱乐业,2,0.00%,11.94
80128562,富安达,制造业,11,34.94%,"115,064.42"
80128562,富安达,信息传输、软件和信息技术服务业,11,7.23%,"23,800.95"
80128562,富安达,批发和零售业,10,2.78%,"9,164.14"
80128562,富安达,交通运输、仓储和邮政业,6,2.45%,"8,077.28"
80128562,富安达,金融业,7,1.80%,"5,918.46"
80128562,富安达,卫生和社会工作,7,1.32%,"4,352.48"
80128562,富安达,文化、体育和娱乐业,6,0.87%,"2,868.16"
80128562,富安达,科学研究和技术服务业,8,0.61%,"2,000.31"
80128562,富安达,房地产业,8,0.57%,"1,870.03"
80128562,富安达,农、林、牧、渔业,2,0.39%,"1,268.75"
80128562,富安达,采矿业,6,0.21%,687.85
80128562,富安达,建筑业,5,0.20%,660.26
80128562,富安达,电力、热力、燃气及水生产和供应业,1,0.12%,379.29
80128562,富安达,租赁和商务服务业,4,0.09%,306.10
80128562,富安达,水利、环境和公共设施管理业,2,0.08%,257.88
80128562,富安达,教育,1,0.02%,68.51
80128562,富安达,综合,1,0.01%,30.46
80128562,富安达,住宿和餐饮业,1,0.01%,22.38
80488954,富荣,制造业,12,1.69%,"19,350.73"
80488954,富荣,金融业,10,0.32%,"3,660.92"
80488954,富荣,交通运输、仓储和邮政业,6,0.28%,"3,248.50"
80488954,富荣,卫生和社会工作,8,0.23%,"2,656.01"
80488954,富荣,租赁和商务服务业,6,0.19%,"2,152.55"
80488954,富荣,房地产业,4,0.13%,"1,488.72"
80488954,富荣,电力、热力、燃气及水生产和供应业,4,0.12%,"1,365.69"
80488954,富荣,农、林、牧、渔业,4,0.11%,"1,309.29"
80488954,富荣,信息传输、软件和信息技术服务业,10,0.09%,"1,001.64"
80488954,富荣,科学研究和技术服务业,10,0.01%,93.68
80488954,富荣,批发和零售业,10,0.01%,77.51
80488954,富荣,水利、环境和公共设施管理业,4,0.00%,44.28
80488954,富荣,采矿业,2,0.00%,10.99
80000221,富国,制造业,140,18.68%,"7,727,508.42"
80000221,富国,信息传输、软件和信息技术服务业,117,3.23%,"1,336,323.97"
80000221,富国,金融业,103,3.22%,"1,331,960.79"
80000221,富国,房地产业,70,0.93%,"384,591.19"
80000221,富国,电力、热力、燃气及水生产和供应业,40,0.57%,"235,806.81"
80000221,富国,建筑业,30,0.52%,"215,742.00"
80000221,富国,采矿业,38,0.51%,"210,132.65"
80000221,富国,科学研究和技术服务业,122,0.49%,"203,179.67"
80000221,富国,交通运输、仓储和邮政业,46,0.43%,"176,770.55"
80000221,富国,卫生和社会工作,57,0.38%,"155,416.18"
80000221,富国,批发和零售业,119,0.35%,"146,242.35"
80000221,富国,文化、体育和娱乐业,47,0.25%,"103,448.57"
80000221,富国,农、林、牧、渔业,29,0.20%,"84,294.77"
80000221,富国,租赁和商务服务业,55,0.19%,"78,323.12"
80000221,富国,水利、环境和公共设施管理业,42,0.07%,"28,950.28"
80000221,富国,住宿和餐饮业,19,0.04%,"16,873.27"
80000221,富国,教育,20,0.04%,"14,662.93"
80000221,富国,综合,4,0.00%,752.42
80174741,方正富邦,金融业,26,3.54%,"75,911.45"
80174741,方正富邦,制造业,26,2.59%,"55,551.83"
80174741,方正富邦,信息传输、软件和信息技术服务业,16,0.44%,"9,430.85"
80174741,方正富邦,建筑业,22,0.29%,"6,190.33"
80174741,方正富邦,房地产业,16,0.24%,"5,110.20"
80174741,方正富邦,交通运输、仓储和邮政业,22,0.17%,"3,709.97"
80174741,方正富邦,农、林、牧、渔业,8,0.11%,"2,290.32"
80174741,方正富邦,电力、热力、燃气及水生产和供应业,13,0.10%,"2,227.30"
80174741,方正富邦,采矿业,14,0.09%,"1,986.52"
80174741,方正富邦,科学研究和技术服务业,23,0.08%,"1,715.14"
80174741,方正富邦,批发和零售业,26,0.06%,"1,314.92"
80174741,方正富邦,卫生和社会工作,8,0.05%,"1,130.65"
80174741,方正富邦,租赁和商务服务业,14,0.04%,911.97
80174741,方正富邦,文化、体育和娱乐业,9,0.03%,668.66
80174741,方正富邦,教育,7,0.01%,126.25
80174741,方正富邦,水利、环境和公共设施管理业,7,0.00%,77.79
80174741,方正富邦,综合,2,0.00%,60.19
80174741,方正富邦,住宿和餐饮业,1,0.00%,15.18
80048161,东吴,制造业,28,11.76%,"165,839.33"
80048161,东吴,信息传输、软件和信息技术服务业,25,1.65%,"23,317.32"
80048161,东吴,金融业,26,1.60%,"22,503.83"
80048161,东吴,批发和零售业,24,0.70%,"9,813.47"
80048161,东吴,采矿业,9,0.57%,"8,030.16"
80048161,东吴,房地产业,10,0.49%,"6,916.52"
80048161,东吴,卫生和社会工作,12,0.35%,"4,944.48"
80048161,东吴,交通运输、仓储和邮政业,13,0.31%,"4,411.62"
80048161,东吴,科学研究和技术服务业,20,0.27%,"3,847.10"
80048161,东吴,水利、环境和公共设施管理业,2,0.19%,"2,627.46"
80048161,东吴,农、林、牧、渔业,5,0.14%,"1,933.21"
80048161,东吴,文化、体育和娱乐业,8,0.10%,"1,354.95"
80048161,东吴,建筑业,5,0.09%,"1,225.78"
80048161,东吴,教育,4,0.04%,560.14
80048161,东吴,电力、热力、燃气及水生产和供应业,9,0.03%,405.14
80048161,东吴,租赁和商务服务业,6,0.03%,388.19
80000225,大成,制造业,76,8.20%,"1,504,665.26"
80000225,大成,金融业,65,1.33%,"243,229.15"
80000225,大成,信息传输、软件和信息技术服务业,70,0.60%,"110,190.30"
80000225,大成,文化、体育和娱乐业,39,0.56%,"102,538.18"
80000225,大成,交通运输、仓储和邮政业,44,0.53%,"97,882.01"
80000225,大成,房地产业,44,0.48%,"88,856.20"
80000225,大成,采矿业,38,0.46%,"85,076.74"
80000225,大成,批发和零售业,67,0.30%,"55,148.81"
80000225,大成,农、林、牧、渔业,33,0.27%,"50,277.49"
80000225,大成,租赁和商务服务业,34,0.14%,"26,259.81"
80000225,大成,科学研究和技术服务业,66,0.10%,"19,194.20"
80000225,大成,电力、热力、燃气及水生产和供应业,30,0.09%,"17,188.85"
80000225,大成,卫生和社会工作,27,0.09%,"16,605.68"
80000225,大成,建筑业,28,0.07%,"12,451.19"
80000225,大成,水利、环境和公共设施管理业,24,0.06%,"11,862.60"
80000225,大成,教育,12,0.01%,"1,773.60"
80000225,大成,综合,5,0.00%,137.85
80000225,大成,住宿和餐饮业,3,0.00%,62.15
80042861,东方,制造业,42,9.79%,"298,357.65"
80042861,东方,金融业,34,1.72%,"52,492.52"
80042861,东方,信息传输、软件和信息技术服务业,32,1.72%,"52,257.71"
80042861,东方,房地产业,25,0.33%,"9,990.91"
80042861,东方,交通运输、仓储和邮政业,33,0.31%,"9,491.26"
80042861,东方,采矿业,16,0.31%,"9,379.42"
80042861,东方,农、林、牧、渔业,7,0.09%,"2,781.42"
80042861,东方,电力、热力、燃气及水生产和供应业,9,0.08%,"2,511.10"
80042861,东方,卫生和社会工作,7,0.07%,"1,992.61"
80042861,东方,科学研究和技术服务业,35,0.06%,"1,862.96"
80042861,东方,建筑业,12,0.06%,"1,853.68"
80042861,东方,租赁和商务服务业,10,0.05%,"1,627.68"
80042861,东方,批发和零售业,33,0.05%,"1,469.94"
80042861,东方,水利、环境和公共设施管理业,10,0.03%,"1,019.72"
80042861,东方,教育,3,0.03%,776.01
80042861,东方,文化、体育和娱乐业,5,0.02%,648.85
80042861,东方,住宿和餐饮业,3,0.01%,188.30
80205268,东海,制造业,6,18.03%,"11,489.87"
80205268,东海,信息传输、软件和信息技术服务业,6,2.84%,"1,810.60"
80205268,东海,批发和零售业,5,1.16%,736.59
80205268,东海,卫生和社会工作,3,0.88%,561.10
80205268,东海,农、林、牧、渔业,3,0.81%,516.95
80205268,东海,水利、环境和公共设施管理业,1,0.56%,354.76
80205268,东海,电力、热力、燃气及水生产和供应业,3,0.45%,289.79
80205268,东海,科学研究和技术服务业,4,0.29%,184.26
80205268,东海,建筑业,3,0.16%,102.83
80205268,东海,房地产业,1,0.08%,50.11
80205268,东海,采矿业,2,0.06%,35.04
80205268,东海,综合,1,0.02%,14.05
80175511,德邦,制造业,20,4.60%,"81,454.62"
80175511,德邦,金融业,20,1.37%,"24,315.42"
80175511,德邦,信息传输、软件和信息技术服务业,20,0.47%,"8,338.52"
80175511,德邦,住宿和餐饮业,5,0.17%,"2,953.96"
80175511,德邦,卫生和社会工作,15,0.16%,"2,845.43"
80175511,德邦,交通运输、仓储和邮政业,15,0.16%,"2,830.38"
80175511,德邦,房地产业,15,0.16%,"2,804.21"
80175511,德邦,租赁和商务服务业,14,0.15%,"2,610.28"
80175511,德邦,采矿业,12,0.09%,"1,512.13"
80175511,德邦,建筑业,12,0.08%,"1,361.60"
80175511,德邦,批发和零售业,20,0.05%,939.53
80175511,德邦,电力、热力、燃气及水生产和供应业,11,0.05%,930.58
80175511,德邦,科学研究和技术服务业,18,0.04%,718.94
80175511,德邦,文化、体育和娱乐业,7,0.03%,573.77
80175511,德邦,综合,8,0.02%,422.31
80175511,德邦,教育,6,0.01%,162.83
80175511,德邦,水利、环境和公共设施管理业,5,0.01%,106.86
80175511,德邦,农、林、牧、渔业,4,0.01%,97.35
80114781,东兴,制造业,11,2.68%,"20,178.60"
80114781,东兴,金融业,11,1.63%,"12,300.29"
80114781,东兴,房地产业,11,0.23%,"1,734.75"
80114781,东兴,交通运输、仓储和邮政业,10,0.21%,"1,583.29"
80114781,东兴,采矿业,8,0.17%,"1,260.94"
80114781,东兴,租赁和商务服务业,9,0.16%,"1,201.70"
80114781,东兴,信息传输、软件和信息技术服务业,11,0.16%,"1,197.27"
80114781,东兴,建筑业,6,0.07%,546.79
80114781,东兴,科学研究和技术服务业,10,0.02%,176.17
80114781,东兴,水利、环境和公共设施管理业,3,0.00%,13.89
80114781,东兴,农、林、牧、渔业,1,0.00%,9.69
80114781,东兴,批发和零售业,8,0.00%,9.57
80114781,东兴,卫生和社会工作,1,0.00%,6.41
80114781,东兴,文化、体育和娱乐业,1,0.00%,4.36
80560388,东方阿尔法,制造业,4,29.90%,"32,316.04"
80560388,东方阿尔法,农、林、牧、渔业,4,9.89%,"10,688.49"
80560388,东方阿尔法,租赁和商务服务业,4,8.82%,"9,538.46"
80560388,东方阿尔法,批发和零售业,4,8.69%,"9,391.00"
80560388,东方阿尔法,金融业,4,8.17%,"8,836.45"
80560388,东方阿尔法,水利、环境和公共设施管理业,4,8.13%,"8,793.25"
80560388,东方阿尔法,信息传输、软件和信息技术服务业,4,6.68%,"7,222.53"
80560388,东方阿尔法,采矿业,4,5.43%,"5,867.75"
80560388,东方阿尔法,交通运输、仓储和邮政业,4,0.94%,"1,018.95"
80560388,东方阿尔法,科学研究和技术服务业,4,0.02%,16.73
80560384,东财,制造业,4,71.42%,"119,706.71"
80560384,东财,信息传输、软件和信息技术服务业,4,15.44%,"25,874.48"
80560384,东财,金融业,2,6.35%,"10,649.50"
80560384,东财,采矿业,2,0.50%,838.93
80560384,东财,建筑业,2,0.46%,768.57
80560384,东财,房地产业,2,0.30%,506.75
80560384,东财,交通运输、仓储和邮政业,2,0.18%,300.54
80560384,东财,科学研究和技术服务业,4,0.15%,256.94
80560384,东财,租赁和商务服务业,2,0.15%,252.33
80560384,东财,批发和零售业,4,0.00%,3.83
80404701,财通资管,制造业,12,1.38%,"86,159.18"
80404701,财通资管,信息传输、软件和信息技术服务业,7,0.25%,"15,784.52"
80404701,财通资管,金融业,9,0.02%,"1,241.03"
80404701,财通资管,批发和零售业,7,0.00%,223.57
80404701,财通资管,房地产业,5,0.00%,131.82
80404701,财通资管,农、林、牧、渔业,5,0.00%,128.66
80404701,财通资管,文化、体育和娱乐业,2,0.00%,75.25
80404701,财通资管,交通运输、仓储和邮政业,5,0.00%,74.50
80404701,财通资管,采矿业,2,0.00%,62.58
80404701,财通资管,卫生和社会工作,5,0.00%,56.84
80404701,财通资管,电力、热力、燃气及水生产和供应业,4,0.00%,55.72
80404701,财通资管,建筑业,2,0.00%,43.03
80404701,财通资管,租赁和商务服务业,2,0.00%,31.41
80404701,财通资管,水利、环境和公共设施管理业,2,0.00%,9.17
80404701,财通资管,教育,2,0.00%,8.66
80404701,财通资管,科学研究和技术服务业,5,0.00%,8.04
80404701,财通资管,住宿和餐饮业,2,0.00%,4.98
80404701,财通资管,综合,2,0.00%,4.72
80000239,长城,制造业,46,8.58%,"1,010,836.02"
80000239,长城,信息传输、软件和信息技术服务业,40,0.85%,"99,815.61"
80000239,长城,金融业,25,0.41%,"47,973.67"
80000239,长城,房地产业,32,0.31%,"35,954.63"
80000239,长城,科学研究和技术服务业,37,0.21%,"24,500.64"
80000239,长城,批发和零售业,38,0.21%,"24,353.46"
80000239,长城,农、林、牧、渔业,17,0.20%,"23,322.00"
80000239,长城,卫生和社会工作,20,0.15%,"18,015.28"
80000239,长城,建筑业,9,0.08%,"9,668.10"
80000239,长城,水利、环境和公共设施管理业,15,0.07%,"8,784.74"
80000239,长城,采矿业,14,0.07%,"8,729.84"
80000239,长城,交通运输、仓储和邮政业,18,0.07%,"7,849.04"
80000239,长城,电力、热力、燃气及水生产和供应业,12,0.04%,"4,496.12"
80000239,长城,文化、体育和娱乐业,15,0.03%,"3,614.21"
80000239,长城,租赁和商务服务业,14,0.03%,"3,521.79"
80000239,长城,教育,4,0.01%,"1,020.68"
80000239,长城,综合,2,0.00%,58.77
80965167,淳厚,制造业,2,11.08%,"7,678.20"
80965167,淳厚,房地产业,2,2.59%,"1,797.49"
80965167,淳厚,信息传输、软件和信息技术服务业,2,0.93%,642.17
80965167,淳厚,批发和零售业,2,0.59%,411.51
80404004,长江资管,制造业,6,0.21%,"2,961.06"
80404004,长江资管,信息传输、软件和信息技术服务业,6,0.02%,354.63
80404004,长江资管,金融业,3,0.01%,182.49
80404004,长江资管,采矿业,3,0.00%,69.68
80404004,长江资管,文化、体育和娱乐业,3,0.00%,68.49
80404004,长江资管,交通运输、仓储和邮政业,3,0.00%,62.56
80404004,长江资管,电力、热力、燃气及水生产和供应业,3,0.00%,60.76
80404004,长江资管,批发和零售业,3,0.00%,58.42
80404004,长江资管,水利、环境和公共设施管理业,3,0.00%,57.51
80404004,长江资管,建筑业,3,0.00%,47.05
80404004,长江资管,房地产业,2,0.00%,39.42
80404004,长江资管,农、林、牧、渔业,2,0.00%,37.44
80404004,长江资管,租赁和商务服务业,2,0.00%,6.85
80404004,长江资管,教育,2,0.00%,4.69
80404004,长江资管,卫生和社会工作,2,0.00%,4.31
80404004,长江资管,综合,2,0.00%,1.76
80404004,长江资管,科学研究和技术服务业,2,0.00%,1.41
80000243,长信,制造业,65,9.69%,"729,678.78"
80000243,长信,信息传输、软件和信息技术服务业,55,1.39%,"104,856.62"
80000243,长信,金融业,35,1.06%,"79,948.91"
80000243,长信,批发和零售业,53,0.77%,"57,727.59"
80000243,长信,房地产业,36,0.65%,"48,822.01"
80000243,长信,交通运输、仓储和邮政业,47,0.43%,"32,138.64"
80000243,长信,卫生和社会工作,17,0.32%,"23,726.29"
80000243,长信,科学研究和技术服务业,46,0.19%,"14,466.52"
80000243,长信,农、林、牧、渔业,12,0.14%,"10,729.06"
80000243,长信,水利、环境和公共设施管理业,20,0.12%,"8,779.74"
80000243,长信,文化、体育和娱乐业,12,0.07%,"4,930.08"
80000243,长信,租赁和商务服务业,10,0.06%,"4,871.03"
80000243,长信,建筑业,13,0.05%,"4,072.75"
80000243,长信,电力、热力、燃气及水生产和供应业,11,0.05%,"3,472.95"
80000243,长信,综合,2,0.04%,"2,940.07"
80000243,长信,采矿业,12,0.03%,"2,023.44"
80000243,长信,教育,7,0.01%,"1,029.10"
80380794,创金合信,制造业,45,10.13%,"256,346.75"
80380794,创金合信,信息传输、软件和信息技术服务业,33,2.13%,"53,866.76"
80380794,创金合信,金融业,35,1.30%,"32,773.11"
80380794,创金合信,房地产业,32,0.43%,"10,857.26"
80380794,创金合信,采矿业,26,0.35%,"8,944.71"
80380794,创金合信,批发和零售业,39,0.34%,"8,579.82"
80380794,创金合信,建筑业,33,0.26%,"6,649.77"
80380794,创金合信,交通运输、仓储和邮政业,25,0.23%,"5,866.96"
80380794,创金合信,农、林、牧、渔业,27,0.17%,"4,286.10"
80380794,创金合信,租赁和商务服务业,27,0.15%,"3,861.04"
80380794,创金合信,电力、热力、燃气及水生产和供应业,24,0.15%,"3,759.95"
80380794,创金合信,科学研究和技术服务业,46,0.10%,"2,600.99"
80380794,创金合信,水利、环境和公共设施管理业,26,0.10%,"2,471.22"
80380794,创金合信,文化、体育和娱乐业,22,0.08%,"1,960.99"
80380794,创金合信,综合,19,0.05%,"1,323.78"
80380794,创金合信,卫生和社会工作,18,0.04%,"1,114.08"
80380794,创金合信,住宿和餐饮业,11,0.04%,938.34
80380794,创金合信,教育,14,0.01%,199.86
80000227,长盛,制造业,67,21.35%,"594,734.90"
80000227,长盛,金融业,57,4.97%,"138,357.41"
80000227,长盛,信息传输、软件和信息技术服务业,63,3.60%,"100,255.32"
80000227,长盛,房地产业,47,1.49%,"41,433.53"
80000227,长盛,建筑业,35,0.63%,"17,462.54"
80000227,长盛,批发和零售业,64,0.60%,"16,579.08"
80000227,长盛,交通运输、仓储和邮政业,33,0.56%,"15,654.12"
80000227,长盛,科学研究和技术服务业,56,0.46%,"12,725.31"
80000227,长盛,采矿业,25,0.37%,"10,437.19"
80000227,长盛,农、林、牧、渔业,22,0.34%,"9,563.46"
80000227,长盛,租赁和商务服务业,26,0.27%,"7,483.90"
80000227,长盛,卫生和社会工作,22,0.23%,"6,489.83"
80000227,长盛,文化、体育和娱乐业,16,0.16%,"4,320.62"
80000227,长盛,电力、热力、燃气及水生产和供应业,11,0.10%,"2,916.93"
80000227,长盛,水利、环境和公共设施管理业,16,0.03%,831.36
80000227,长盛,住宿和餐饮业,2,0.02%,685.11
80000227,长盛,教育,5,0.02%,664.26
80000227,长盛,综合,1,0.00%,88.81
80161341,财通,制造业,25,33.55%,"672,709.27"
80161341,财通,信息传输、软件和信息技术服务业,20,1.89%,"37,950.04"
80161341,财通,金融业,10,1.41%,"28,291.42"
80161341,财通,科学研究和技术服务业,21,0.52%,"10,410.09"
80161341,财通,房地产业,8,0.38%,"7,609.93"
80161341,财通,文化、体育和娱乐业,15,0.32%,"6,471.21"
80161341,财通,农、林、牧、渔业,8,0.28%,"5,622.74"
80161341,财通,卫生和社会工作,11,0.25%,"4,927.29"
80161341,财通,电力、热力、燃气及水生产和供应业,7,0.19%,"3,865.65"
80161341,财通,交通运输、仓储和邮政业,6,0.14%,"2,724.74"
80161341,财通,批发和零售业,21,0.10%,"2,022.84"
80161341,财通,建筑业,4,0.09%,"1,707.50"
80161341,财通,水利、环境和公共设施管理业,4,0.08%,"1,568.93"
80161341,财通,采矿业,8,0.07%,"1,372.88"
80161341,财通,租赁和商务服务业,8,0.03%,567.77
80161341,财通,住宿和餐饮业,2,0.00%,2.65
80139382,长安,制造业,25,4.99%,"86,603.52"
80139382,长安,金融业,16,0.53%,"9,207.33"
80139382,长安,信息传输、软件和信息技术服务业,21,0.30%,"5,134.33"
80139382,长安,房地产业,14,0.18%,"3,035.66"
80139382,长安,文化、体育和娱乐业,18,0.08%,"1,429.70"
80139382,长安,交通运输、仓储和邮政业,7,0.08%,"1,361.85"
80139382,长安,租赁和商务服务业,8,0.05%,859.58
80139382,长安,科学研究和技术服务业,21,0.03%,514.88
80139382,长安,建筑业,4,0.03%,478.45
80139382,长安,采矿业,3,0.01%,244.54
80139382,长安,电力、热力、燃气及水生产和供应业,1,0.01%,183.72
80139382,长安,农、林、牧、渔业,1,0.01%,137.45
80139382,长安,批发和零售业,15,0.01%,113.15
80139382,长安,卫生和社会工作,1,0.00%,71.46
80139382,长安,水利、环境和公共设施管理业,2,0.00%,15.48
80139382,长安,教育,1,0.00%,9.34
80560400,博远,制造业,2,6.49%,"11,988.64"
80560400,博远,金融业,2,0.58%,"1,067.60"
80560400,博远,批发和零售业,2,0.55%,"1,008.26"
80560400,博远,房地产业,2,0.40%,743.50
80560400,博远,信息传输、软件和信息技术服务业,2,0.24%,449.00
80538609,渤海汇金,制造业,3,2.82%,400.03
80538609,渤海汇金,采矿业,3,0.81%,114.86
80538609,渤海汇金,信息传输、软件和信息技术服务业,3,0.47%,67.01
80538609,渤海汇金,金融业,3,0.35%,49.65
80538609,渤海汇金,文化、体育和娱乐业,3,0.17%,24.14
80538609,渤海汇金,卫生和社会工作,3,0.08%,12.06
80538609,渤海汇金,农、林、牧、渔业,3,0.08%,11.53
80538609,渤海汇金,电力、热力、燃气及水生产和供应业,3,0.08%,11.32
80538609,渤海汇金,房地产业,3,0.07%,10.62
80538609,渤海汇金,批发和零售业,3,0.07%,10.53
80538609,渤海汇金,交通运输、仓储和邮政业,3,0.06%,8.94
80538609,渤海汇金,综合,3,0.04%,5.03
80538609,渤海汇金,建筑业,3,0.03%,4.16
80538609,渤海汇金,科学研究和技术服务业,3,0.03%,4.13
80538609,渤海汇金,水利、环境和公共设施管理业,3,0.02%,3.07
80538609,渤海汇金,租赁和商务服务业,3,0.02%,2.25
80000236,宝盈,制造业,43,33.43%,"1,015,656.81"
80000236,宝盈,信息传输、软件和信息技术服务业,39,8.56%,"259,938.70"
80000236,宝盈,房地产业,29,2.57%,"78,052.77"
80000236,宝盈,农、林、牧、渔业,11,1.45%,"44,126.88"
80000236,宝盈,文化、体育和娱乐业,10,1.03%,"31,189.16"
80000236,宝盈,采矿业,17,0.98%,"29,659.72"
80000236,宝盈,金融业,28,0.73%,"22,050.09"
80000236,宝盈,卫生和社会工作,9,0.66%,"20,142.91"
80000236,宝盈,科学研究和技术服务业,38,0.30%,"8,977.83"
80000236,宝盈,批发和零售业,35,0.27%,"8,223.14"
80000236,宝盈,租赁和商务服务业,9,0.14%,"4,328.36"
80000236,宝盈,水利、环境和公共设施管理业,7,0.08%,"2,501.70"
80000236,宝盈,交通运输、仓储和邮政业,7,0.06%,"1,745.02"
80000236,宝盈,电力、热力、燃气及水生产和供应业,5,0.03%,851.30
80000236,宝盈,建筑业,7,0.02%,721.13
80000236,宝盈,教育,2,0.00%,12.75
80560392,博道,制造业,22,45.53%,"247,866.51"
80560392,博道,金融业,20,9.71%,"52,885.77"
80560392,博道,信息传输、软件和信息技术服务业,22,5.26%,"28,637.77"
80560392,博道,批发和零售业,22,3.04%,"16,560.47"
80560392,博道,房地产业,19,3.02%,"16,450.36"
80560392,博道,交通运输、仓储和邮政业,21,2.43%,"13,225.81"
80560392,博道,农、林、牧、渔业,17,1.53%,"8,334.51"
80560392,博道,卫生和社会工作,20,1.49%,"8,100.70"
80560392,博道,建筑业,22,1.44%,"7,856.02"
80560392,博道,电力、热力、燃气及水生产和供应业,14,1.27%,"6,892.87"
80560392,博道,文化、体育和娱乐业,15,1.13%,"6,130.47"
80560392,博道,科学研究和技术服务业,21,0.77%,"4,173.45"
80560392,博道,水利、环境和公共设施管理业,16,0.76%,"4,147.92"
80560392,博道,租赁和商务服务业,5,0.60%,"3,268.17"
80560392,博道,采矿业,14,0.54%,"2,944.70"
80560392,博道,综合,14,0.54%,"2,929.89"
80560392,博道,住宿和餐饮业,2,0.04%,198.25
80560392,博道,教育,2,0.01%,81.27
80163340,安信,制造业,60,8.03%,"515,035.63"
80163340,安信,房地产业,49,1.63%,"104,333.16"
80163340,安信,金融业,43,1.13%,"72,148.29"
80163340,安信,信息传输、软件和信息技术服务业,55,1.01%,"64,559.70"
80163340,安信,建筑业,41,0.79%,"50,783.04"
80163340,安信,批发和零售业,53,0.36%,"23,075.76"
80163340,安信,采矿业,44,0.22%,"14,341.44"
80163340,安信,农、林、牧、渔业,23,0.20%,"12,548.62"
80163340,安信,科学研究和技术服务业,52,0.15%,"9,772.64"
80163340,安信,交通运输、仓储和邮政业,31,0.12%,"8,007.13"
80163340,安信,文化、体育和娱乐业,17,0.10%,"6,606.13"
80163340,安信,水利、环境和公共设施管理业,19,0.05%,"3,501.29"
80163340,安信,电力、热力、燃气及水生产和供应业,21,0.03%,"2,126.76"
80163340,安信,卫生和社会工作,15,0.03%,"1,667.01"
80163340,安信,租赁和商务服务业,17,0.02%,"1,505.54"
80163340,安信,教育,9,0.01%,783.73
80163340,安信,综合,4,0.00%,21.41
80163340,安信,住宿和餐饮业,2,0.00%,20.22
